/* Fresco Roman Update 2019 */
USE BrandSites;
GO

INSERT INTO visualization.ProductLines (Id, Name, BrandId)
VALUES
(286, 'Fresco&reg; Roman Shades', 31);
GO

INSERT INTO visualization.ProductStyles (Id, Name, ProductLineId)
VALUES
(10511, 'Flat', 286),
(10512, 'Looped', 286);
GO

INSERT INTO visualization.OptionChoicesProductStyles (OptionChoiceId, ProductStyleId)
VALUES
(6, 10511), (6, 10512),
(7, 10511), (7, 10512),
(11, 10511), (11, 10512),
(12, 10511), (12, 10512),
(13, 10511), (13, 10512);
GO

INSERT INTO visualization.Swatches (Id, ColorNumber, ColorName, Collection, ProductStyleId, ImageFileName)
VALUES
('10511-3271', '3271', 'Angora', 'Cristale', 10511, 'S_07_3271.jpg'),
('10511-3272', '3272', 'Parchment', 'Cristale', 10511, 'S_07_3272.jpg'),
('10511-3273', '3273', 'Pristine', 'Cristale', 10511, 'S_07_3273.jpg'),
('10511-3274', '3274', 'Antique White', 'Cristale', 10511, 'S_07_3274.jpg'),
('10511-3410', '3410', 'Beechwood', 'Crossweave', 10511, 'S_07_3410.jpg'),
('10511-3411', '3411', 'Elm', 'Crossweave', 10511, 'S_07_3411.jpg'),
('10511-3412', '3412', 'Nutbrown', 'Crossweave', 10511, 'S_07_3412.jpg'),
('10511-3415', '3415', 'Spruce', 'Crossweave', 10511, 'S_07_3415.jpg'),
('10511-3416', '3416', 'Slate', 'Crossweave', 10511, 'S_07_3416.jpg'),
('10511-3418', '3418', 'Diamond', 'Crossweave', 10511, 'S_07_3418.jpg'),
('10511-3431', '3431', 'Shell', 'Desert', 10511, 'S_07_3431.jpg'),
('10511-3432', '3432', 'Sandstone', 'Desert', 10511, 'S_07_3432.jpg'),
('10511-3434', '3434', 'Natural', 'Desert', 10511, 'S_07_3434.jpg'),
('10511-3435', '3435', 'Mesa', 'Desert', 10511, 'S_07_3435.jpg'),
('10511-3450', '3450', 'Snow', 'Desert', 10511, 'S_07_3450.jpg'),
('10511-3452', '3452', 'Haze', 'Desert', 10511, 'S_07_3452.jpg'),
('10511-0120', '0120', 'Maple', 'Grasses', 10511, 'S_07_0120.jpg'),
('10511-0123', '0123', 'Chestnut', 'Grasses', 10511, 'S_07_0123.jpg'),
('10511-0125', '0125', 'Coast', 'Grasses', 10511, 'S_07_0125.jpg'),
('10511-3510', '3510', 'White', 'Madrid', 10511, 'S_07_3510.jpg'),
('10511-3511', '3511', 'Glow', 'Madrid', 10511, 'S_07_3511.jpg'),
('10511-3512', '3512', 'Sand', 'Madrid', 10511, 'S_07_3512.jpg'),
('10511-3515', '3515', 'Azure', 'Madrid', 10511, 'S_07_3515.jpg'),
('10511-3516', '3516', 'Teal', 'Madrid', 10511, 'S_07_3516.jpg'),
('10511-3517', '3517', 'Granate', 'Madrid', 10511, 'S_07_3517.jpg'),
('10511-3518', '3518', 'Sienna', 'Madrid', 10511, 'S_07_3518.jpg'),
('10511-3519', '3519', 'Chocolate', 'Madrid', 10511, 'S_07_3519.jpg'),
('10511-3210', '3210', 'Snow White', 'Regal', 10511, 'S_07_3210.jpg'),
('10511-3211', '3211', 'Vanilla', 'Regal', 10511, 'S_07_3211.jpg'),
('10511-3216', '3216', 'Black', 'Regal', 10511, 'S_07_3216.jpg'),
('10511-3217', '3217', 'Jute', 'Regal', 10511, 'S_07_3217.jpg'),
('10511-3232', '3232', 'Midnight', 'Regal', 10511, 'S_07_3232.jpg'),
('10511-3233', '3233', 'Brick', 'Regal', 10511, 'S_07_3233.jpg'),
('10511-3235', '3235', 'Chocolate', 'Regal', 10511, 'S_07_3235.jpg'),
('10511-3236', '3236', 'Silver', 'Regal', 10511, 'S_07_3236.jpg'),
('10511-3237', '3237', 'Platinum', 'Regal', 10511, 'S_07_3237.jpg'),
('10511-3420', '3420', 'Ivory', 'Royale', 10511, 'S_07_3420.jpg'),
('10511-3423', '3423', 'Saddle', 'Royale', 10511, 'S_07_3423.jpg'),
('10511-3424', '3424', 'Storm', 'Royale', 10511, 'S_07_3424.jpg'),
('10511-3425', '3425', 'Rapture', 'Royale', 10511, 'S_07_3425.jpg'),
('10511-3426', '3426', 'Granite', 'Royale', 10511, 'S_07_3426.jpg'),
('10511-3470', '3470', 'White', 'Suburban', 10511, 'S_07_3470.jpg'),
('10511-3471', '3471', 'Stone', 'Suburban', 10511, 'S_07_3471.jpg'),
('10511-3472', '3472', 'Sand', 'Suburban', 10511, 'S_07_3472.jpg'),
('10511-3473', '3473', 'Clay', 'Suburban', 10511, 'S_07_3473.jpg'),
('10511-3260', '3260', 'Toast', 'Versailles', 10511, 'S_07_3260.jpg'),
('10511-3261', '3261', 'Chocolate', 'Versailles', 10511, 'S_07_3261.jpg'),
('10511-3264', '3264', 'French Beige', 'Versailles', 10511, 'S_07_3264.jpg'),
('10511-3265', '3265', 'White', 'Versailles', 10511, 'S_07_3265.jpg'),
('10512-3271', '3271', 'Angora', 'Cristale', 10512, 'S_07_3271.jpg'),
('10512-3272', '3272', 'Parchment', 'Cristale', 10512, 'S_07_3272.jpg'),
('10512-3273', '3273', 'Pristine', 'Cristale', 10512, 'S_07_3273.jpg'),
('10512-3274', '3274', 'Antique White', 'Cristale', 10512, 'S_07_3274.jpg'),
('10512-3410', '3410', 'Beechwood', 'Crossweave', 10512, 'S_07_3410.jpg'),
('10512-3411', '3411', 'Elm', 'Crossweave', 10512, 'S_07_3411.jpg'),
('10512-3412', '3412', 'Nutbrown', 'Crossweave', 10512, 'S_07_3412.jpg'),
('10512-3415', '3415', 'Spruce', 'Crossweave', 10512, 'S_07_3415.jpg'),
('10512-3416', '3416', 'Slate', 'Crossweave', 10512, 'S_07_3416.jpg'),
('10512-3418', '3418', 'Diamond', 'Crossweave', 10512, 'S_07_3418.jpg'),
('10512-3431', '3431', 'Shell', 'Desert', 10512, 'S_07_3431.jpg'),
('10512-3432', '3432', 'Sandstone', 'Desert', 10512, 'S_07_3432.jpg'),
('10512-3434', '3434', 'Natural', 'Desert', 10512, 'S_07_3434.jpg'),
('10512-3435', '3435', 'Mesa', 'Desert', 10512, 'S_07_3435.jpg'),
('10512-3450', '3450', 'Snow', 'Desert', 10512, 'S_07_3450.jpg'),
('10512-3452', '3452', 'Haze', 'Desert', 10512, 'S_07_3452.jpg'),
('10512-0120', '0120', 'Maple', 'Grasses', 10512, 'S_07_0120.jpg'),
('10512-0123', '0123', 'Chestnut', 'Grasses', 10512, 'S_07_0123.jpg'),
('10512-0125', '0125', 'Coast', 'Grasses', 10512, 'S_07_0125.jpg'),
('10512-3510', '3510', 'White', 'Madrid', 10512, 'S_07_3510.jpg'),
('10512-3511', '3511', 'Glow', 'Madrid', 10512, 'S_07_3511.jpg'),
('10512-3512', '3512', 'Sand', 'Madrid', 10512, 'S_07_3512.jpg'),
('10512-3515', '3515', 'Azure', 'Madrid', 10512, 'S_07_3515.jpg'),
('10512-3516', '3516', 'Teal', 'Madrid', 10512, 'S_07_3516.jpg'),
('10512-3517', '3517', 'Granate', 'Madrid', 10512, 'S_07_3517.jpg'),
('10512-3518', '3518', 'Sienna', 'Madrid', 10512, 'S_07_3518.jpg'),
('10512-3519', '3519', 'Chocolate', 'Madrid', 10512, 'S_07_3519.jpg'),
('10512-3210', '3210', 'Snow White', 'Regal', 10512, 'S_07_3210.jpg'),
('10512-3211', '3211', 'Vanilla', 'Regal', 10512, 'S_07_3211.jpg'),
('10512-3216', '3216', 'Black', 'Regal', 10512, 'S_07_3216.jpg'),
('10512-3217', '3217', 'Jute', 'Regal', 10512, 'S_07_3217.jpg'),
('10512-3232', '3232', 'Midnight', 'Regal', 10512, 'S_07_3232.jpg'),
('10512-3233', '3233', 'Brick', 'Regal', 10512, 'S_07_3233.jpg'),
('10512-3235', '3235', 'Chocolate', 'Regal', 10512, 'S_07_3235.jpg'),
('10512-3236', '3236', 'Silver', 'Regal', 10512, 'S_07_3236.jpg'),
('10512-3237', '3237', 'Platinum', 'Regal', 10512, 'S_07_3237.jpg'),
('10512-3420', '3420', 'Ivory', 'Royale', 10512, 'S_07_3420.jpg'),
('10512-3423', '3423', 'Saddle', 'Royale', 10512, 'S_07_3423.jpg'),
('10512-3424', '3424', 'Storm', 'Royale', 10512, 'S_07_3424.jpg'),
('10512-3425', '3425', 'Rapture', 'Royale', 10512, 'S_07_3425.jpg'),
('10512-3426', '3426', 'Granite', 'Royale', 10512, 'S_07_3426.jpg'),
('10512-3470', '3470', 'White', 'Suburban', 10512, 'S_07_3470.jpg'),
('10512-3471', '3471', 'Stone', 'Suburban', 10512, 'S_07_3471.jpg'),
('10512-3472', '3472', 'Sand', 'Suburban', 10512, 'S_07_3472.jpg'),
('10512-3473', '3473', 'Clay', 'Suburban', 10512, 'S_07_3473.jpg'),
('10512-3260', '3260', 'Toast', 'Versailles', 10512, 'S_07_3260.jpg'),
('10512-3261', '3261', 'Chocolate', 'Versailles', 10512, 'S_07_3261.jpg'),
('10512-3264', '3264', 'French Beige', 'Versailles', 10512, 'S_07_3264.jpg'),
('10512-3265', '3265', 'White', 'Versailles', 10512, 'S_07_3265.jpg');
GO

INSERT INTO visualization.SwatchesOptionChoices (SwatchId, OptionChoiceId)
VALUES
('10511-3271', 11),
('10511-3272', 11),
('10511-3273', 11),
('10511-3274', 11),
('10511-3410', 11),
('10511-3411', 11),
('10511-3412', 11),
('10511-3415', 11),
('10511-3416', 11),
('10511-3418', 11),
('10511-3431', 11),
('10511-3432', 11),
('10511-3434', 11),
('10511-3435', 11),
('10511-3450', 11),
('10511-3452', 11),
('10511-0120', 11),
('10511-0123', 11),
('10511-0125', 11),
('10511-3510', 11),
('10511-3511', 11),
('10511-3512', 11),
('10511-3515', 11),
('10511-3516', 11),
('10511-3517', 11),
('10511-3518', 11),
('10511-3519', 11),
('10511-3210', 11),
('10511-3211', 11),
('10511-3216', 12),
('10511-3217', 11),
('10511-3232', 12),
('10511-3233', 12),
('10511-3235', 12),
('10511-3236', 11),
('10511-3237', 12),
('10511-3420', 11),
('10511-3423', 11),
('10511-3424', 11),
('10511-3425', 11),
('10511-3426', 11),
('10511-3470', 13),
('10511-3471', 13),
('10511-3472', 13),
('10511-3473', 13),
('10511-3260', 11),
('10511-3261', 12),
('10511-3264', 11),
('10511-3265', 11),
('10512-3271', 11),
('10512-3272', 11),
('10512-3273', 11),
('10512-3274', 11),
('10512-3410', 11),
('10512-3411', 11),
('10512-3412', 11),
('10512-3415', 11),
('10512-3416', 11),
('10512-3418', 11),
('10512-3431', 11),
('10512-3432', 11),
('10512-3434', 11),
('10512-3435', 11),
('10512-3450', 11),
('10512-3452', 11),
('10512-0120', 11),
('10512-0123', 11),
('10512-0125', 11),
('10512-3510', 11),
('10512-3511', 11),
('10512-3512', 11),
('10512-3515', 11),
('10512-3516', 11),
('10512-3517', 11),
('10512-3518', 11),
('10512-3519', 11),
('10512-3210', 11),
('10512-3211', 11),
('10512-3216', 12),
('10512-3217', 11),
('10512-3232', 12),
('10512-3233', 12),
('10512-3235', 12),
('10512-3236', 11),
('10512-3237', 12),
('10512-3420', 11),
('10512-3423', 11),
('10512-3424', 11),
('10512-3425', 11),
('10512-3426', 11),
('10512-3470', 13),
('10512-3471', 13),
('10512-3472', 13),
('10512-3473', 13),
('10512-3260', 11),
('10512-3261', 12),
('10512-3264', 11),
('10512-3265', 11);
GO
