/* Combined Data */
BEGIN TRANSACTION VizUpdate2019OriginalData
    WITH MARK N'Visualization Update 2019 Original Data';
	PRINT N'Transaction Started';
GO

USE BrandSites;
GO

-- Delete old Visualization data
DELETE
FROM visualization.SwatchesOptionChoices;

DELETE
FROM visualization.Swatches;

DELETE
FROM visualization.OptionChoicesProductStyles;

DELETE
FROM visualization.OptionChoices;

DELETE
FROM visualization.Options;

DELETE
FROM visualization.ProductStyles;

DELETE
FROM visualization.ProductLines;

DELETE
FROM visualization.Brands;

PRINT N'Old Data Deleted. Insert new data.';
GO

-- Add reformatted Visualization data
INSERT INTO visualization.Brands (Id, Name)
VALUES
(1, 'Unassigned'),
(31, 'GraberBlinds');
GO

INSERT INTO visualization.ProductLines (Id, Name, BrandId)
VALUES
(1, 'Unassigned', 1),
(200, 'Cellular Shades', 31),
(204, 'Pleated Shades', 31),
(205, 'Roller Shades', 31),
(206, 'Solar Shades', 31),
(217, 'Wood Blinds', 31),
(220, 'Composite & Faux Wood Blinds', 31);
GO

INSERT INTO visualization.ProductStyles (Id, Name, ProductLineId)
VALUES
(7641, '3/8" Double Cell CrystalPleat&trade;', 200),
(7642, '3/8" Single Cell CrystalPleat&trade;', 200),
(7643, '3/4" Single Cell CrystalPleat&trade;', 200),
(768, '1" FashionPleat&reg;', 204),
(7881, '1" EvenPleat&reg;', 204),
(7882, '2" EvenPleat&reg;', 204),
(1057, 'Lightweaves&reg;', 205),
(1056, 'Lightweaves&reg;', 206),
(1233, '1" Traditions&reg; Wood', 217),
(1235, '2" Traditions&reg; Wood', 217),
(1237, '2 3/8" Traditions&reg; Wood', 217),
(1236, '2" Elite Wood', 217),
(1238, '2 3/8" Elite Woods', 217),
(1226, '2 1/2" Lake Forest&reg; Faux Wood', 220),
(1228, '2 1/2" Lake Forest&reg; Premium Faux Wood', 220),
(1229, '2" Lake Forest&reg; Faux Wood', 220),
(1230, '2" Lake Forest&reg; Premium Faux Wood', 220),
(1231, '2" Traditions&reg; Composite', 220),
(1232, '2 1/2" Traditions&reg; Composite', 220);
GO

INSERT INTO visualization.Options (Id, Name, Description)
VALUES
(3, 'Shade Type', 'Standard, Bottom Up/Top Down, Sun Up/Sun Down, etc.'),
(4, 'Opacity Level', 'Shade Opacity, Openness, Light-control level'),
(5, 'Liner Type', 'Specify if item has liner and what type'),
(6, 'Route Type', 'The routing of the guide wires on blinds'),
(7, 'Hem Type', 'Hems for Roller and Solar Shades'),
(8, '7/16" Gimp Trim', '7/16" gimp trim on the Hems for Roller Shades'),
(9, 'Cloth Tapes', 'Cloth tape colors for blinds'),
(10, 'Finish Type', 'Finish Type for Wood and Faux Wood Blilnds');
GO

INSERT INTO visualization.OptionChoices (Id, Name, OptionId)
VALUES
(6, 'Standard', 3),
(7, 'Bottom Up/Top Down', 3),
(8, 'Sun Up/Sun Down', 3),

(9, 'Sheer', 4),
(10, 'Semi-Sheer', 4),
(11, 'Light Filtering', 4),
(12, 'Room Darkening', 4),
(13, 'Blackout', 4),
(14, '1% Openness', 4),
(15, '3% Openness', 4),
(16, '4% Openness', 4),
(17, '5% Openness', 4),
(18, '6% Openness', 4),
(19, '7% Openness', 4),
(20, '8% Openness', 4),
(21, '10% Openness', 4),
(22, '14% Openness', 4),

(23, 'No Liner', 5),
(24, 'Privacy Liner', 5),
(25, 'Blackout Liner', 5),

(26, 'Standard Route Holes', 6),
(27, 'NoHoles®', 6),
(28, 'Cloth Tapes', 6),

(29, 'Standard Hem', 7),
(30, 'Classic Scallop', 7),
(31, 'Colonial Scallop', 7),
(32, 'Provence Scallop', 7),
(33, 'Cathedral Scallop', 7),
(34, 'Dentil Scallop', 7),

(35, '715-Cream', 8),
(36, '963-Stucco', 8),
(37, '156-Black', 8),
(38, '02-Maize', 8),
(39, '296-Toffee', 8),
(40, '417-White', 8),
(41, '350-Dark Beige', 8),
(42, '399-Rock Gray', 8),

(43, 'C157-1 1/2"-Pattern-Modern Taupe', 9),
(44, 'C159-1 1/2"-Pattern-Coastal Fog', 9),
(45, 'D147-1 1/2"-Pattern-Creamy Taupe', 9),
(46, 'D155-1 1/2"-Pattern-Fairweather Blue', 9),
(47, 'B160-1 1/2"-Pattern-Fresh Sage', 9),
(48, 'B161-1 1/2"-Pattern-Neutral Intrigue', 9),
(49, 'F296-1 1/2"-Pattern-Medallion Toffee', 9),
(50, 'F541-1 1/2"-Pattern-Medallion Flax', 9),
(51, 'F659-1 1/2"-Pattern-Medallion Taupe', 9),
(52, '2005-1 1/2"-Solid-White', 9),
(53, '2011-1 1/2"-Solid-Beige', 9),
(54, '2033-1 1/2"-Solid-Black', 9),
(55, '2136-1 1/2"-Solid-Duck White', 9),
(56, '2176-1 1/2"-Solid-Golden Honey', 9),
(57, '2177-1 1/2"-Solid-Aztec Amber', 9),
(58, '2178-1 1/2"-Solid-Shadow Gray', 9),
(59, '2296-1 1/2"-Solid-Toffee', 9),
(60, '2297-1 1/2"-Solid-Cocoa', 9),
(61, '2353-1 1/2"-Solid-Chocolate', 9),
(62, '2369-1 1/2"-Solid-Navy', 9),
(63, '2500-1 1/2"-Solid-Moss', 9),
(64, '2617-1 1/2"-Solid-White Smoke', 9),
(65, '2659-1 1/2"-Solid-Taupe', 9),
(66, '2857-1 1/2"-Solid-Dark Grey', 9),
(67, '2861-1 1/2"-Solid-Light Grey', 9),
(68, 'P179-1 1/2"-Pattern-Palm Beach', 9),
(69, 'Q164-1 1/2"-Pattern-Belgian Cream', 9),
(70, 'Q659-1 1/2"-Pattern-Variegated Taupe', 9),
(71, 'N112-1 1/2"-Pattern-Drew Alabaster', 9),
(72, 'S164-1 1/2"-Pattern-Arctic Sky', 9),
(73, 'S166-1 1/2"-Pattern-Natural Linen', 9),
(84, '1011-1"-Solid-Beige', 9),
(85, '1033-1"-Solid-Black', 9),
(86, '1136-1"-Solid-Duck White', 9),
(87, '1296-1"-Solid-Toffee', 9),
(88, '1297-1"-Solid-Cocoa', 9),
(89, '1617-1"-Solid-White Smoke', 9),

(74, 'Painted', 10),
(75, 'Stained', 10),
(76, 'Sandblast', 10),
(77, 'Unique Finishes', 10),
(78, 'Authentic American Hardwood', 10),
(79, 'Rustic', 10),
(80, 'Solids', 10),
(81, 'Textured', 10),
(82, 'Woodgrain', 10);
GO

INSERT INTO visualization.OptionChoicesProductStyles (OptionChoiceId, ProductStyleId)
VALUES
(6, 7641), (6, 7642), (6, 7643), (6, 768), (6, 7881), (6, 7882),
(7, 7641), (7, 7642), (7, 7643), (7, 768), (7, 7881), (7, 7882),
(8, 7641), (8, 7642), (8, 7643), (8, 768), (8, 7881), (8, 7882),

(9, 7642), (9, 7643), (9, 768), (9, 7881), (9, 7882), (9, 1057),
(11, 7641), (11, 7642), (11, 7643), (11, 768), (11, 7881), (11, 7882), (11, 1057),
(12, 7641), (12, 7642), (12, 7643), (12, 768), (12, 7881), (12, 7882), (12, 1057),
(13, 7641), (13, 7642), (13, 7643), (13, 1057),
(14, 1056),
(15, 1056),
(16, 1056),
(17, 1056),
(18, 1056),
(19, 1056),
(20, 1056),
(21, 1056),
(22, 1056),

(23, 768), (23, 7881), (23, 7882),
(24, 768), (24, 7881), (24, 7882),
(25, 768), (25, 7881), (25, 7882),

(26, 1233), (26, 1235), (26, 1236), (26, 1237), (26, 1238), (26, 1226), (26, 1228), (26, 1229), (26, 1230), (26, 1231), (26, 1232),
(27, 1235), (27, 1236), (27, 1237), (27, 1238), (27, 1226), (27, 1228), (27, 1229), (27, 1230), (27, 1231), (27, 1232),
(28, 1235), (28, 1236), (28, 1237), (28, 1238), (28, 1226), (28, 1228), (28, 1229), (28, 1230), (28, 1231), (28, 1232),

(29, 1057),
(30, 1057),
(31, 1057),
(32, 1057),
(33, 1057),
(34, 1057),
(35, 1057),
(36, 1057),
(37, 1057),
(38, 1057),
(39, 1057),
(40, 1057),
(41, 1057),
(42, 1057),

(43, 1235), (43, 1236), (43, 1229), (43, 1230), (43, 1231),
(44, 1235), (44, 1236), (44, 1229), (44, 1230), (44, 1231),
(45, 1235), (45, 1236), (45, 1229), (45, 1230), (45, 1231),
(46, 1235), (46, 1236), (46, 1229), (46, 1230), (46, 1231),
(47, 1235), (47, 1236), (47, 1229), (47, 1230), (47, 1231),
(48, 1235), (48, 1236), (48, 1229), (48, 1230), (48, 1231),
(49, 1235), (49, 1236), (49, 1229), (49, 1230), (49, 1231),
(50, 1235), (50, 1236), (50, 1229), (50, 1230), (50, 1231),
(51, 1235), (51, 1236), (51, 1229), (51, 1230), (51, 1231),
(52, 1235), (52, 1236), (52, 1237), (52, 1238), (52, 1226), (52, 1228), (52, 1229), (52, 1230), (52, 1231), (52, 1232),
(53, 1235), (53, 1236), (53, 1237), (53, 1238), (53, 1226), (53, 1228), (53, 1229), (53, 1230), (53, 1231), (53, 1232),
(54, 1235), (54, 1236), (54, 1237), (54, 1238), (54, 1226), (54, 1228), (54, 1229), (54, 1230), (54, 1231), (54, 1232),
(55, 1235), (55, 1236), (55, 1237), (55, 1238), (55, 1226), (55, 1228), (55, 1229), (55, 1230), (55, 1231), (55, 1232),
(56, 1235), (56, 1236), (56, 1237), (56, 1238), (56, 1226), (56, 1228), (56, 1229), (56, 1230), (56, 1231), (56, 1232),
(57, 1235), (57, 1236), (57, 1237), (57, 1238), (57, 1226), (57, 1228), (57, 1229), (57, 1230), (57, 1231), (57, 1232),
(58, 1235), (58, 1236), (58, 1237), (58, 1238), (58, 1226), (58, 1228), (58, 1229), (58, 1230), (58, 1231), (58, 1232),
(59, 1235), (59, 1236), (59, 1237), (59, 1238), (59, 1226), (59, 1228), (59, 1229), (59, 1230), (59, 1231), (59, 1232),
(60, 1235), (60, 1236), (60, 1237), (60, 1238), (60, 1226), (60, 1228), (60, 1229), (60, 1230), (60, 1231), (60, 1232),
(61, 1235), (61, 1236), (61, 1237), (61, 1238), (61, 1226), (61, 1228), (61, 1229), (61, 1230), (61, 1231), (61, 1232),
(62, 1235), (62, 1236), (62, 1237), (62, 1238), (62, 1226), (62, 1228), (62, 1229), (62, 1230), (62, 1231), (62, 1232),
(63, 1235), (63, 1236), (63, 1237), (63, 1238), (63, 1226), (63, 1228), (63, 1229), (63, 1230), (63, 1231), (63, 1232),
(64, 1235), (64, 1236), (64, 1237), (64, 1238), (64, 1226), (64, 1228), (64, 1229), (64, 1230), (64, 1231), (64, 1232),
(65, 1235), (65, 1236), (65, 1237), (65, 1238), (65, 1226), (65, 1228), (65, 1229), (65, 1230), (65, 1231), (65, 1232),
(66, 1235), (66, 1236), (66, 1237), (66, 1238), (66, 1226), (66, 1228), (66, 1229), (66, 1230), (66, 1231), (66, 1232),
(67, 1235), (67, 1236), (67, 1237), (67, 1238), (67, 1226), (67, 1228), (67, 1229), (67, 1230), (67, 1231), (67, 1232),
(68, 1235), (68, 1236), (68, 1229), (68, 1230), (68, 1231),
(69, 1235), (69, 1236), (69, 1229), (69, 1230), (69, 1231),
(70, 1235), (70, 1236), (70, 1229), (70, 1230), (70, 1231),
(71, 1235), (71, 1236), (71, 1229), (71, 1230), (71, 1231),
(72, 1235), (72, 1236), (72, 1229), (72, 1230), (72, 1231),
(73, 1235), (73, 1236), (73, 1229), (73, 1230), (73, 1231),
(84, 1235), (84, 1236), (84, 1229), (84, 1230), (84, 1231),
(85, 1235), (85, 1236), (85, 1229), (85, 1230), (85, 1231),
(86, 1235), (86, 1236), (86, 1229), (86, 1230), (86, 1231),
(87, 1235), (87, 1236), (87, 1229), (87, 1230), (87, 1231),
(88, 1235), (88, 1236), (88, 1229), (88, 1230), (88, 1231),
(89, 1235), (89, 1236), (89, 1229), (89, 1230), (89, 1231),

(74, 1233), (74, 1235), (74, 1237),
(75, 1233), (75, 1235), (75, 1237),
(76, 1235),
(77, 1235),
(80, 1226), (80, 1229), (80, 1231), (80, 1232),
(81, 1226), (81, 1229),
(82, 1228), (82, 1230);
GO

INSERT INTO visualization.Swatches (Id, ColorNumber, ColorName, Collection, ProductStyleId, ImageFileName)
VALUES
/* 284 */
('7643-2714', '2714', 'Adirondack', 'Solitude', 7643, 'C_06_2714_34.jpg'),
('7643-2717', '2717', 'Atlantic Frost', 'Solitude', 7643, 'C_06_2717_34.jpg'),
('7643-2719', '2719', 'Canyon Clay', 'Solitude', 7643, 'C_06_2719_34.jpg'),
('7643-2711', '2711', 'Coconut Cream', 'Solitude', 7643, 'C_06_2711_34.jpg'),
('7643-2718', '2718', 'Lime Chiffon', 'Solitude', 7643, 'C_06_2718_34.jpg'),
('7643-2712', '2712', 'Manila', 'Solitude', 7643, 'C_06_2712_34.jpg'),
('7643-2701', '2701', 'Simply White', 'Solitude', 7643, 'C_06_2701_34.jpg'),
('7643-2713', '2713', 'Spring Fawn', 'Solitude', 7643, 'C_06_2713_34.jpg'),
('7643-2716', '2716', 'Trevi', 'Solitude', 7643, 'C_06_2716_34.jpg'),
('7643-2715', '2715', 'Walnut Shell ', 'Solitude', 7643, 'C_06_2715_34.jpg'),
('7643-0804', '0804', 'Alabaster Frost', 'Elegant Neutrals', 7643, 'C_06_0804_34.jpg'),
('7643-0810', '0810', 'Cloud White', 'Elegant Neutrals', 7643, 'C_06_0810_34.jpg'),
('7643-0834', '0834', 'Light Waves', 'Elegant Neutrals', 7643, 'C_06_0834_34.jpg'),
('7643-0801', '0801', 'Sparkle', 'Elegant Neutrals', 7643, 'C_06_0801_34.jpg'),
('7643-0802', '0802', 'Starlight', 'Elegant Neutrals', 7643, 'C_06_0802_34.jpg'),
('7643-2562', '2562', 'Café', 'Facets', 7643, 'C_06_2562_34.jpg'),
('7643-2509', '2509', 'Lamplight', 'Facets', 7643, 'C_06_2509_34.jpg'),
('7643-2555', '2555', 'Monument', 'Facets', 7643, 'C_06_2555_34.jpg'),
('7643-2503', '2503', 'Moonbeam', 'Facets', 7643, 'C_06_2503_34.jpg'),
('7643-2554', '2554', 'Twine', 'Facets', 7643, 'C_06_2554_34.jpg'),
('7643-0778', '0778', 'Antler', 'Garden Retreat', 7643, 'C_06_0778_34.jpg'),
('7643-0702', '0702', 'Apollo', 'Garden Retreat', 7643, 'C_06_0702_34.jpg'),
('7643-0703', '0703', 'Chalk', 'Garden Retreat', 7643, 'C_06_0703_34.jpg'),
('7643-0777', '0777', 'Cirrus', 'Garden Retreat', 7643, 'C_06_0777_34.jpg'),
('7643-0704', '0704', 'Creamy', 'Garden Retreat', 7643, 'C_06_0704_34.jpg'),
('7643-0715', '0715', 'Quicksand', 'Garden Retreat', 7643, 'C_06_0715_34.jpg'),
('7643-0713', '0713', 'Sandcastle', 'Garden Retreat', 7643, 'C_06_0713_34.jpg'),
('7643-0791', '0791', 'Sandy Point', 'Garden Retreat', 7643, 'C_06_0791_34.jpg'),
('7643-0701', '0701', 'Solitaire', 'Garden Retreat', 7643, 'C_06_0701_34.jpg'),
('7643-0716', '0716', 'Spring Rain', 'Garden Retreat', 7643, 'C_06_0716_34.jpg'),
('7643-0710', '0710', 'Threshold Taupe', 'Garden Retreat', 7643, 'C_06_0710_34.jpg'),
('7643-0784', '0784', 'Timeless Taupe', 'Garden Retreat', 7643, 'C_06_0784_34.jpg'),
('7643-0787', '0787', 'Valley Vine', 'Garden Retreat', 7643, 'C_06_0787_34.jpg'),
('7643-0770', '0770', 'White Rose', 'Garden Retreat', 7643, 'C_06_0770_34.jpg'),
('7643-2319', '2319', 'Atlantic Frost', 'Scroll', 7643, 'C_06_2319_34.jpg'),
('7643-2313', '2313', 'Coconut Cream', 'Scroll', 7643, 'C_06_2313_34.jpg'),
('7643-2320', '2320', 'Lime Chiffon', 'Scroll', 7643, 'C_06_2320_34.jpg'),
('7643-2314', '2314', 'Manilla', 'Scroll', 7643, 'C_06_2314_34.jpg'),
('7643-2301', '2301', 'Simply White', 'Scroll', 7643, 'C_06_2301_34.jpg'),
('7643-2315', '2315', 'Spring Fawn', 'Scroll', 7643, 'C_06_2315_34.jpg'),
('7643-2318', '2318', 'Trevi', 'Scroll', 7643, 'C_06_2318_34.jpg'),
('7643-2914', '2914', 'Manila', 'Scroll FR', 7643, 'C_06_2914_34.jpg'),
('7643-2901', '2901', 'Simply White', 'Scroll FR', 7643, 'C_06_2901_34.jpg'),
('7643-2915', '2915', 'Spring Fawn', 'Scroll FR', 7643, 'C_06_2915_34.jpg'),
('7643-2918', '2918', 'Trevi', 'Scroll FR', 7643, 'C_06_2918_34.jpg'),
('7643-4617', '4617', 'Angelhair', 'Translucence', 7643, 'C_06_4617_34.jpg'),
('7643-4601', '4601', 'Buttercup', 'Translucence', 7643, 'C_06_4601_34.jpg'),
('7643-4600', '4600', 'Jack Frost', 'Translucence', 7643, 'C_06_4600_34.jpg'),
('7643-4613', '4613', 'Lioness', 'Translucence', 7643, 'C_06_4613_34.jpg'),
('7643-4611', '4611', 'Mocha', 'Translucence', 7643, 'C_06_4611_34.jpg'),
('7643-4602', '4602', 'Papyrus', 'Translucence', 7643, 'C_06_4602_34.jpg'),
('7643-4612', '4612', 'Risotto', 'Translucence', 7643, 'C_06_4612_34.jpg'),
('7643-4610', '4610', 'Sculpture Garden', 'Translucence', 7643, 'C_06_4610_34.jpg'),
('7643-2858', '2858', 'Atlantic Frost', 'Valletta', 7643, 'C_06_2858_34.jpg'),
('7643-2851', '2851', 'Coconut Cream', 'Valletta', 7643, 'C_06_2851_34.jpg'),
('7643-2859', '2859', 'Lime Chiffon', 'Valletta', 7643, 'C_06_2859_34.jpg'),
('7643-2852', '2852', 'Manila', 'Valletta', 7643, 'C_06_2852_34.jpg'),
('7643-2850', '2850', 'Simply White', 'Valletta', 7643, 'C_06_2850_34.jpg'),
('7643-2854', '2854', 'Spring Fawn', 'Valletta', 7643, 'C_06_2854_34.jpg'),
('7643-2857', '2857', 'Trevi', 'Valletta', 7643, 'C_06_2857_34.jpg'),
('7643-2523', '2523', 'Fresh Brew', 'Facets', 7643, 'C_06_2523_34.jpg'),
('7643-2527', '2527', 'Hazy Skies', 'Facets', 7643, 'C_06_2527_34.jpg'),
('7643-2541', '2541', 'Iron Gate', 'Facets', 7643, 'C_06_2541_34.jpg'),
('7643-2561', '2561', 'Salted Caramel', 'Facets', 7643, 'C_06_2561_34.jpg'),
('7643-2538', '2538', 'Stormy Sky', 'Facets', 7643, 'C_06_2538_34.jpg'),
('7643-0772', '0772', 'Cayenne', 'Garden Retreat', 7643, 'C_06_0772_34.jpg'),
('7643-0773', '0773', 'Cilantro', 'Garden Retreat', 7643, 'C_06_0773_34.jpg'),
('7643-0747', '0747', 'Classic Navy', 'Garden Retreat', 7643, 'C_06_0747_34.jpg'),
('7643-0793', '0793', 'Colonial Slate', 'Garden Retreat', 7643, 'C_06_0793_34.jpg'),
('7643-0788', '0788', 'Country Barn', 'Garden Retreat', 7643, 'C_06_0788_34.jpg'),
('7643-0771', '0771', 'Espresso', 'Garden Retreat', 7643, 'C_06_0771_34.jpg'),
('7643-0731', '0731', 'Grasscloth', 'Garden Retreat', 7643, 'C_06_0731_34.jpg'),
('7643-0776', '0776', 'Hunting Lodge', 'Garden Retreat', 7643, 'C_06_0776_34.jpg'),
('7643-0779', '0779', 'Inlet', 'Garden Retreat', 7643, 'C_06_0779_34.jpg'),
('7643-0744', '0744', 'Khaki', 'Garden Retreat', 7643, 'C_06_0744_34.jpg'),
('7643-0789', '0789', 'Poppyseed', 'Garden Retreat', 7643, 'C_06_0789_34.jpg'),
('7643-0792', '0792', 'Potter''s Clay', 'Garden Retreat', 7643, 'C_06_0792_34.jpg'),
('7643-0790', '0790', 'Riverbed', 'Garden Retreat', 7643, 'C_06_0790_34.jpg'),
('7643-0794', '0794', 'Tide Pool', 'Garden Retreat', 7643, 'C_06_0794_34.jpg'),
('7643-2316', '2316', 'Adirondack', 'Scroll', 7643, 'C_06_2316_34.jpg'),
('7643-2321', '2321', 'Canyon Clay', 'Scroll', 7643, 'C_06_2321_34.jpg'),
('7643-2317', '2317', 'Walnut Shell ', 'Scroll', 7643, 'C_06_2317_34.jpg'),
('7643-2916', '2916', 'Adirondack', 'Scroll FR', 7643, 'C_06_2916_34.jpg'),
('7643-2855', '2855', 'Adirondack', 'Valletta', 7643, 'C_06_2855_34.jpg'),
('7643-2860', '2860', 'Canyon Clay', 'Valletta', 7643, 'C_06_2860_34.jpg'),
('7643-2856', '2856', 'Walnut Shell ', 'Valletta', 7643, 'C_06_2856_34.jpg'),
('7643-2152', '2152', 'Almond', 'Simply Sheer', 7643, 'C_06_2152_34.jpg'),
('7643-2154', '2154', 'Mocha', 'Simply Sheer', 7643, 'C_06_2154_34.jpg'),
('7643-2150', '2150', 'Whisper', 'Simply Sheer', 7643, 'C_06_2150_34.jpg'),

('7641-3830', '3830', 'Arboretum', 'Cocoon', 7641, 'C_06_3830_38.jpg'),
('7641-3815', '3815', 'Cafe', 'Cocoon', 7641, 'C_06_3815_38.jpg'),
('7641-3823', '3823', 'Castaway', 'Cocoon', 7641, 'C_06_3823_38.jpg'),
('7641-3800', '3800', 'Cloud', 'Cocoon', 7641, 'C_06_3800_38.jpg'),
('7641-3839', '3839', 'Desert Dust', 'Cocoon', 7641, 'C_06_3839_38.jpg'),
('7641-3846', '3846', 'Dill', 'Cocoon', 7641, 'C_06_3846_38.jpg'),
('7641-3847', '3847', 'Fresh Brew', 'Cocoon', 7641, 'C_06_3847_38.jpg'),
('7641-3848', '3848', 'Hazy Skies', 'Cocoon', 7641, 'C_06_3848_38.jpg'),
('7641-3821', '3821', 'High Point', 'Cocoon', 7641, 'C_06_3821_38.jpg'),
('7641-3829', '3829', 'Inlet', 'Cocoon', 7641, 'C_06_3829_38.jpg'),
('7641-3851', '3851', 'Iron Gate', 'Cocoon', 7641, 'C_06_3851_38.jpg'),
('7641-3814', '3814', 'Lemon Tree', 'Cocoon', 7641, 'C_06_3814_38.jpg'),
('7641-3822', '3822', 'Livingston', 'Cocoon', 7641, 'C_06_3822_38.jpg'),
('7641-3812', '3812', 'Mist', 'Cocoon', 7641, 'C_06_3812_38.jpg'),
('7641-3828', '3828', 'Molten Silver', 'Cocoon', 7641, 'C_06_3828_38.jpg'),
('7641-3831', '3831', 'Monument', 'Cocoon', 7641, 'C_06_3831_38.jpg'),
('7641-3827', '3827', 'Moonbeam', 'Cocoon', 7641, 'C_06_3827_38.jpg'),
('7641-3824', '3824', 'Orchard Ridge', 'Cocoon', 7641, 'C_06_3824_38.jpg'),
('7641-3819', '3819', 'Salted Caramel', 'Cocoon', 7641, 'C_06_3819_38.jpg'),
('7641-3820', '3820', 'Savannah', 'Cocoon', 7641, 'C_06_3820_38.jpg'),
('7641-3806', '3806', 'Scarlet', 'Cocoon', 7641, 'C_06_3806_38.jpg'),
('7641-3850', '3850', 'Stormy Sky', 'Cocoon', 7641, 'C_06_3850_38.jpg'),
('7641-3854', '3854', 'Twine', 'Cocoon', 7641, 'C_06_3854_38.jpg'),
('7641-3704', '3704', 'Alabaster Frost', 'Elegant Neutrals', 7641, 'C_06_3704_38.jpg'),
('7641-3710', '3710', 'Cloud White', 'Elegant Neutrals', 7641, 'C_06_3710_38.jpg'),
('7641-2434', '2434', 'Light Waves', 'Elegant Neutrals', 7641, 'C_06_2434_38.jpg'),
('7641-2401', '2401', 'Sparkle', 'Elegant Neutrals', 7641, 'C_06_2401_38.jpg'),
('7641-2402', '2402', 'Starlight', 'Elegant Neutrals', 7641, 'C_06_2402_38.jpg'),
('7641-2457', '2457', 'Antique', 'Facets', 7641, 'C_06_2457_38.jpg'),
('7641-2462', '2462', 'Café', 'Facets', 7641, 'C_06_2462_38.jpg'),
('7641-2476', '2476', 'Dill', 'Facets', 7641, 'C_06_2476_38.jpg'),
('7641-2409', '2409', 'Lamplight', 'Facets', 7641, 'C_06_2409_38.jpg'),
('7641-2452', '2452', 'Lemon Tree', 'Facets', 7641, 'C_06_2452_38.jpg'),
('7641-2444', '2444', 'Marseille', 'Facets', 7641, 'C_06_2444_38.jpg'),
('7641-2446', '2446', 'Molten Silver', 'Facets', 7641, 'C_06_2446_38.jpg'),
('7641-2455', '2455', 'Monument', 'Facets', 7641, 'C_06_2455_38.jpg'),
('7641-2403', '2403', 'Moonbeam', 'Facets', 7641, 'C_06_2403_38.jpg'),
('7641-2463', '2463', 'Orchard Ridge', 'Facets', 7641, 'C_06_2463_38.jpg'),
('7641-2419', '2419', 'Pale Blue', 'Facets', 7641, 'C_06_2419_38.jpg'),
('7641-2464', '2464', 'Sunshine', 'Facets', 7641, 'C_06_2464_38.jpg'),
('7641-2466', '2466', 'Tropical Bay', 'Facets', 7641, 'C_06_2466_38.jpg'),
('7641-2454', '2454', 'Twine', 'Facets', 7641, 'C_06_2454_38.jpg'),
('7641-2448', '2448', 'Wading Pool', 'Facets', 7641, 'C_06_2448_38.jpg'),
('7641-0978', '0978', 'Antler', 'Garden Retreat', 7641, 'C_06_0978_38.jpg'),
('7641-0902', '0902', 'Apollo', 'Garden Retreat', 7641, 'C_06_0902_38.jpg'),
('7641-0903', '0903', 'Chalk', 'Garden Retreat', 7641, 'C_06_0903_38.jpg'),
('7641-0977', '0977', 'Cirrus', 'Garden Retreat', 7641, 'C_06_0977_38.jpg'),
('7641-0904', '0904', 'Creamy', 'Garden Retreat', 7641, 'C_06_0904_38.jpg'),
('7641-0915', '0915', 'Quicksand', 'Garden Retreat', 7641, 'C_06_0915_38.jpg'),
('7641-0913', '0913', 'Sandcastle', 'Garden Retreat', 7641, 'C_06_0913_38.jpg'),
('7641-0991', '0991', 'Sandy Point', 'Garden Retreat', 7641, 'C_06_0991_38.jpg'),
('7641-0901', '0901', 'Solitaire', 'Garden Retreat', 7641, 'C_06_0901_38.jpg'),
('7641-0916', '0916', 'Spring Rain', 'Garden Retreat', 7641, 'C_06_0916_38.jpg'),
('7641-0910', '0910', 'Threshold Taupe', 'Garden Retreat', 7641, 'C_06_0910_38.jpg'),
('7641-0984', '0984', 'Timeless Taupe', 'Garden Retreat', 7641, 'C_06_0984_38.jpg'),
('7641-0987', '0987', 'Valley Vine', 'Garden Retreat', 7641, 'C_06_0987_38.jpg'),
('7641-0970', '0970', 'White Rose', 'Garden Retreat', 7641, 'C_06_0970_38.jpg'),
('7641-2052', '2052', 'Antique Map', 'Sala', 7641, 'C_06_2052_38.jpg'),
('7641-2051', '2051', 'Cathedral', 'Sala', 7641, 'C_06_2051_38.jpg'),
('7641-2055', '2055', 'Colonial Pewter', 'Sala', 7641, 'C_06_2055_38.jpg'),
('7641-2053', '2053', 'Statue', 'Sala', 7641, 'C_06_2053_38.jpg'),
('7641-2054', '2054', 'Weathered Stone', 'Sala', 7641, 'C_06_2054_38.jpg'),
('7641-3417', '3417', 'Angelhair', 'Translucence', 7641, 'C_06_3417_38.jpg'),
('7641-3401', '3401', 'Buttercup', 'Translucence', 7641, 'C_06_3401_38.jpg'),
('7641-3400', '3400', 'Jack Frost', 'Translucence', 7641, 'C_06_3400_38.jpg'),
('7641-3413', '3413', 'Lioness', 'Translucence', 7641, 'C_06_3413_38.jpg'),
('7641-3411', '3411', 'Mocha', 'Translucence', 7641, 'C_06_3411_38.jpg'),
('7641-3402', '3402', 'Papyrus', 'Translucence', 7641, 'C_06_3402_38.jpg'),
('7641-3412', '3412', 'Risotto', 'Translucence', 7641, 'C_06_3412_38.jpg'),
('7641-3410', '3410', 'Sculpture Garden', 'Translucence', 7641, 'C_06_3410_38.jpg'),
('7641-2458', '2458', 'Arboretum', 'Facets', 7641, 'C_06_2458_38.jpg'),
('7641-2443', '2443', 'Avocado', 'Facets', 7641, 'C_06_2443_38.jpg'),
('7641-2449', '2449', 'Castaway', 'Facets', 7641, 'C_06_2449_38.jpg'),
('7641-2467', '2467', 'Chalet', 'Facets', 7641, 'C_06_2467_38.jpg'),
('7641-2489', '2489', 'Deep Blue', 'Facets', 7641, 'C_06_2489_38.jpg'),
('7641-2491', '2491', 'Deep Walnut', 'Facets', 7641, 'C_06_2491_38.jpg'),
('7641-2423', '2423', 'Fresh Brew', 'Facets', 7641, 'C_06_2423_38.jpg'),
('7641-2427', '2427', 'Hazy Skies', 'Facets', 7641, 'C_06_2427_38.jpg'),
('7641-2441', '2441', 'Iron Gate', 'Facets', 7641, 'C_06_2441_38.jpg'),
('7641-2433', '2433', 'Midnight', 'Facets', 7641, 'C_06_2433_38.jpg'),
('7641-2459', '2459', 'Midnight Tulip', 'Facets', 7641, 'C_06_2459_38.jpg'),
('7641-2461', '2461', 'Salted Caramel', 'Facets', 7641, 'C_06_2461_38.jpg'),
('7641-2406', '2406', 'Scarlet', 'Facets', 7641, 'C_06_2406_38.jpg'),
('7641-2438', '2438', 'Stormy Sky', 'Facets', 7641, 'C_06_2438_38.jpg'),
('7641-0972', '0972', 'Cayenne', 'Garden Retreat', 7641, 'C_06_0972_38.jpg'),
('7641-0973', '0973', 'Cilantro', 'Garden Retreat', 7641, 'C_06_0973_38.jpg'),
('7641-0947', '0947', 'Classic Navy', 'Garden Retreat', 7641, 'C_06_0947_38.jpg'),
('7641-0993', '0993', 'Colonial Slate', 'Garden Retreat', 7641, 'C_06_0993_38.jpg'),
('7641-0988', '0988', 'Country Barn', 'Garden Retreat', 7641, 'C_06_0988_38.jpg'),
('7641-0971', '0971', 'Espresso', 'Garden Retreat', 7641, 'C_06_0971_38.jpg'),
('7641-0931', '0931', 'Grasscloth', 'Garden Retreat', 7641, 'C_06_0931_38.jpg'),
('7641-0976', '0976', 'Hunting Lodge', 'Garden Retreat', 7641, 'C_06_0976_38.jpg'),
('7641-0979', '0979', 'Inlet', 'Garden Retreat', 7641, 'C_06_0979_38.jpg'),
('7641-0944', '0944', 'Khaki', 'Garden Retreat', 7641, 'C_06_0944_38.jpg'),
('7641-0989', '0989', 'Poppyseed', 'Garden Retreat', 7641, 'C_06_0989_38.jpg'),
('7641-0992', '0992', 'Potter''s Clay', 'Garden Retreat', 7641, 'C_06_0992_38.jpg'),
('7641-0990', '0990', 'Riverbed', 'Garden Retreat', 7641, 'C_06_0990_38.jpg'),
('7641-0994', '0994', 'Tide Pool', 'Garden Retreat', 7641, 'C_06_0994_38.jpg'),

('7642-0430', '0430', 'Arboretum', 'Cocoon', 7642, 'C_06_0430_38.jpg'),
('7642-0415', '0415', 'Cafe', 'Cocoon', 7642, 'C_06_0415_38.jpg'),
('7642-0423', '0423', 'Castaway', 'Cocoon', 7642, 'C_06_0423_38.jpg'),
('7642-0400', '0400', 'Cloud', 'Cocoon', 7642, 'C_06_0400_38.jpg'),
('7642-0439', '0439', 'Desert Dust', 'Cocoon', 7642, 'C_06_0439_38.jpg'),
('7642-0446', '0446', 'Dill', 'Cocoon', 7642, 'C_06_0446_38.jpg'),
('7642-0447', '0447', 'Fresh Brew', 'Cocoon', 7642, 'C_06_0447_38.jpg'),
('7642-0448', '0448', 'Hazy Skies', 'Cocoon', 7642, 'C_06_0448_38.jpg'),
('7642-0401', '0401', 'High Point', 'Cocoon', 7642, 'C_06_0401_38.jpg'),
('7642-0429', '0429', 'Inlet', 'Cocoon', 7642, 'C_06_0429_38.jpg'),
('7642-0451', '0451', 'Iron Gate', 'Cocoon', 7642, 'C_06_0451_38.jpg'),
('7642-0414', '0414', 'Lemon Tree', 'Cocoon', 7642, 'C_06_0414_38.jpg'),
('7642-0402', '0402', 'Livingston', 'Cocoon', 7642, 'C_06_0402_38.jpg'),
('7642-0412', '0412', 'Mist', 'Cocoon', 7642, 'C_06_0412_38.jpg'),
('7642-0428', '0428', 'Molten Silver', 'Cocoon', 7642, 'C_06_0428_38.jpg'),
('7642-0431', '0431', 'Monument', 'Cocoon', 7642, 'C_06_0431_38.jpg'),
('7642-0427', '0427', 'Moonbeam', 'Cocoon', 7642, 'C_06_0427_38.jpg'),
('7642-0404', '0404', 'Orchard Ridge', 'Cocoon', 7642, 'C_06_0404_38.jpg'),
('7642-0419', '0419', 'Salted Caramel', 'Cocoon', 7642, 'C_06_0419_38.jpg'),
('7642-0420', '0420', 'Savannah', 'Cocoon', 7642, 'C_06_0420_38.jpg'),
('7642-0406', '0406', 'Scarlet', 'Cocoon', 7642, 'C_06_0406_38.jpg'),
('7642-0450', '0450', 'Stormy Sky', 'Cocoon', 7642, 'C_06_0450_38.jpg'),
('7642-0454', '0454', 'Twine', 'Cocoon', 7642, 'C_06_0454_38.jpg'),
('7642-0481', '0481', 'Angelhair', 'Night Sky', 7642, 'C_06_0481_38.jpg'),
('7642-0482', '0482', 'Buttercup', 'Night Sky', 7642, 'C_06_0482_38.jpg'),
('7642-0480', '0480', 'Jack Frost', 'Night Sky', 7642, 'C_06_0480_38.jpg'),
('7642-0483', '0483', 'Papyrus', 'Night Sky', 7642, 'C_06_0483_38.jpg'),
('7642-1714', '1714', 'Adirondack', 'Solitude', 7642, 'C_06_1714_38.jpg'),
('7642-1717', '1717', 'Atlantic Frost', 'Solitude', 7642, 'C_06_1717_38.jpg'),
('7642-1719', '1719', 'Canyon Clay', 'Solitude', 7642, 'C_06_1719_38.jpg'),
('7642-1711', '1711', 'Coconut Cream', 'Solitude', 7642, 'C_06_1711_38.jpg'),
('7642-1718', '1718', 'Lime Chiffon', 'Solitude', 7642, 'C_06_1718_38.jpg'),
('7642-1712', '1712', 'Manila', 'Solitude', 7642, 'C_06_1712_38.jpg'),
('7642-1701', '1701', 'Simply White', 'Solitude', 7642, 'C_06_1701_38.jpg'),
('7642-1713', '1713', 'Spring Fawn', 'Solitude', 7642, 'C_06_1713_38.jpg'),
('7642-1716', '1716', 'Trevi', 'Solitude', 7642, 'C_06_1716_38.jpg'),
('7642-1715', '1715', 'Walnut Shell ', 'Solitude', 7642, 'C_06_1715_38.jpg'),
('7642-2605', '2605', 'Black Swan', 'Cambridge', 7642, 'C_06_2605_38.jpg'),
('7642-2604', '2604', 'Eagles Nest', 'Cambridge', 7642, 'C_06_2604_38.jpg'),
('7642-2600', '2600', 'Feather White', 'Cambridge', 7642, 'C_06_2600_38.jpg'),
('7642-2602', '2602', 'Heron Plume', 'Cambridge', 7642, 'C_06_2602_38.jpg'),
('7642-2601', '2601', 'Sandhill Crane', 'Cambridge', 7642, 'C_06_2601_38.jpg'),
('7642-2603', '2603', 'Urban Bird', 'Cambridge', 7642, 'C_06_2603_38.jpg'),
('7642-4204', '4204', 'Alabaster Frost', 'Elegant Neutrals', 7642, 'C_06_4204_38.jpg'),
('7642-4210', '4210', 'Cloud White', 'Elegant Neutrals', 7642, 'C_06_4210_38.jpg'),
('7642-4234', '4234', 'Light Waves', 'Elegant Neutrals', 7642, 'C_06_4234_38.jpg'),
('7642-4201', '4201', 'Sparkle', 'Elegant Neutrals', 7642, 'C_06_4201_38.jpg'),
('7642-4202', '4202', 'Starlight', 'Elegant Neutrals', 7642, 'C_06_4202_38.jpg'),
('7642-0078', '0078', 'Antler', 'Garden Retreat', 7642, 'C_06_0078_38.jpg'),
('7642-0002', '0002', 'Apollo', 'Garden Retreat', 7642, 'C_06_0002_38.jpg'),
('7642-0003', '0003', 'Chalk', 'Garden Retreat', 7642, 'C_06_0003_38.jpg'),
('7642-0077', '0077', 'Cirrus', 'Garden Retreat', 7642, 'C_06_0077_38.jpg'),
('7642-0004', '0004', 'Creamy', 'Garden Retreat', 7642, 'C_06_0004_38.jpg'),
('7642-0015', '0015', 'Quicksand', 'Garden Retreat', 7642, 'C_06_0015_38.jpg'),
('7642-0013', '0013', 'Sandcastle', 'Garden Retreat', 7642, 'C_06_0013_38.jpg'),
('7642-0091', '0091', 'Sandy Point', 'Garden Retreat', 7642, 'C_06_0091_38.jpg'),
('7642-0001', '0001', 'Solitaire', 'Garden Retreat', 7642, 'C_06_0001_38.jpg'),
('7642-0016', '0016', 'Spring Rain', 'Garden Retreat', 7642, 'C_06_0016_38.jpg'),
('7642-0010', '0010', 'Threshold Taupe', 'Garden Retreat', 7642, 'C_06_0010_38.jpg'),
('7642-0084', '0084', 'Timeless Taupe', 'Garden Retreat', 7642, 'C_06_0084_38.jpg'),
('7642-0087', '0087', 'Valley Vine', 'Garden Retreat', 7642, 'C_06_0087_38.jpg'),
('7642-0070', '0070', 'White Rose', 'Garden Retreat', 7642, 'C_06_0070_38.jpg'),
('7642-5117', '5117', 'Angelhair', 'Translucence', 7642, 'C_06_5117_38.jpg'),
('7642-5101', '5101', 'Buttercup', 'Translucence', 7642, 'C_06_5101_38.jpg'),
('7642-5100', '5100', 'Jack Frost', 'Translucence', 7642, 'C_06_5100_38.jpg'),
('7642-5113', '5113', 'Lioness', 'Translucence', 7642, 'C_06_5113_38.jpg'),
('7642-5111', '5111', 'Mocha', 'Translucence', 7642, 'C_06_5111_38.jpg'),
('7642-5102', '5102', 'Papyrus', 'Translucence', 7642, 'C_06_5102_38.jpg'),
('7642-5112', '5112', 'Risotto', 'Translucence', 7642, 'C_06_5112_38.jpg'),
('7642-5110', '5110', 'Sculpture Garden', 'Translucence', 7642, 'C_06_5110_38.jpg'),
('7642-0858', '0858', 'Atlantic Frost', 'Valletta', 7642, 'C_06_0858_38.jpg'),
('7642-0851', '0851', 'Coconut Cream', 'Valletta', 7642, 'C_06_0851_38.jpg'),
('7642-0859', '0859', 'Lime Chiffon', 'Valletta', 7642, 'C_06_0859_38.jpg'),
('7642-0852', '0852', 'Manila', 'Valletta', 7642, 'C_06_0852_38.jpg'),
('7642-0850', '0850', 'Simply White', 'Valletta', 7642, 'C_06_0850_38.jpg'),
('7642-0854', '0854', 'Spring Fawn', 'Valletta', 7642, 'C_06_0854_38.jpg'),
('7642-0857', '0857', 'Trevi', 'Valletta', 7642, 'C_06_0857_38.jpg'),
('7642-0072', '0072', 'Cayenne', 'Garden Retreat', 7642, 'C_06_0072_38.jpg'),
('7642-0073', '0073', 'Cilantro', 'Garden Retreat', 7642, 'C_06_0073_38.jpg'),
('7642-0047', '0047', 'Classic Navy', 'Garden Retreat', 7642, 'C_06_0047_38.jpg'),
('7642-0093', '0093', 'Colonial Slate', 'Garden Retreat', 7642, 'C_06_0093_38.jpg'),
('7642-0088', '0088', 'Country Barn', 'Garden Retreat', 7642, 'C_06_0088_38.jpg'),
('7642-0071', '0071', 'Espresso', 'Garden Retreat', 7642, 'C_06_0071_38.jpg'),
('7642-0031', '0031', 'Grasscloth', 'Garden Retreat', 7642, 'C_06_0031_38.jpg'),
('7642-0076', '0076', 'Hunting Lodge', 'Garden Retreat', 7642, 'C_06_0076_38.jpg'),
('7642-0079', '0079', 'Inlet', 'Garden Retreat', 7642, 'C_06_0079_38.jpg'),
('7642-0044', '0044', 'Khaki', 'Garden Retreat', 7642, 'C_06_0044_38.jpg'),
('7642-0089', '0089', 'Poppyseed', 'Garden Retreat', 7642, 'C_06_0089_38.jpg'),
('7642-0092', '0092', 'Potter''s Clay', 'Garden Retreat', 7642, 'C_06_0092_38.jpg'),
('7642-0090', '0090', 'Riverbed', 'Garden Retreat', 7642, 'C_06_0090_38.jpg'),
('7642-0094', '0094', 'Tide Pool', 'Garden Retreat', 7642, 'C_06_0094_38.jpg'),
('7642-0855', '0855', 'Adirondack', 'Valletta', 7642, 'C_06_0855_38.jpg'),
('7642-0860', '0860', 'Canyon Clay', 'Valletta', 7642, 'C_06_0860_38.jpg'),
('7642-0856', '0856', 'Walnut Shell ', 'Valletta', 7642, 'C_06_0856_38.jpg'),
('7642-0152', '0152', 'Almond', 'Simply Sheer', 7642, 'C_06_0152_38.jpg'),
('7642-0154', '0154', 'Mocha', 'Simply Sheer', 7642, 'C_06_0154_38.jpg'),
('7642-0150', '0150', 'Whisper', 'Simply Sheer', 7642, 'C_06_0150_38.jpg'),

/* 43 */
('768-2002', '2002', 'Bone', 'Allure', 768, 'C_05_2002_1P.jpg'),
('768-2004', '2004', 'Milk Chocolate', 'Allure', 768, 'C_05_2004_1P.jpg'),
('768-2417', '2417', 'Sahara', 'Allure', 768, 'C_05_2417_1P.jpg'),
('768-2007', '2007', 'Silver Lining', 'Allure', 768, 'C_05_2007_1P.jpg'),
('768-2460', '2460', 'Tibet', 'Allure', 768, 'C_05_2460_1P.jpg'),
('768-2001', '2001', 'White', 'Allure', 768, 'C_05_2001_1P.jpg'),
('768-4122', '4122', 'Bone', 'Brighton', 768, 'C_05_4122_1P.jpg'),
('768-4150', '4150', 'Platinum', 'Brighton', 768, 'C_05_4150_1P.jpg'),
('768-4102', '4102', 'Sugar Maple', 'Brighton', 768, 'C_05_4102_1P.jpg'),
('768-4182', '4182', 'Toast', 'Brighton', 768, 'C_05_4182_1P.jpg'),
('768-4101', '4101', 'Tundra', 'Brighton', 768, 'C_05_4101_1P.jpg'),
('768-4119', '4119', 'White ', 'Brighton', 768, 'C_05_4119_1P.jpg'),
('768-5622', '5622', 'Bone', 'Brighton Fire Retardant', 768, 'C_05_5622_1P.jpg'),
('768-5650', '5650', 'Platinum', 'Brighton Fire Retardant', 768, 'C_05_5650_1P.jpg'),
('768-5602', '5602', 'Sugar Maple', 'Brighton Fire Retardant', 768, 'C_05_5602_1P.jpg'),
('768-5682', '5682', 'Toast', 'Brighton Fire Retardant', 768, 'C_05_5682_1P.jpg'),
('768-5601', '5601', 'Tundra', 'Brighton Fire Retardant', 768, 'C_05_5601_1P.jpg'),
('768-5619', '5619', 'White', 'Brighton Fire Retardant', 768, 'C_05_5601_1P.jpg'),
('768-0208', '0208', 'Burnished Gold', 'Crossweave', 768, 'C_05_0208_1P.jpg'),
('768-0209', '0209', 'Tahiti', 'Crossweave', 768, 'C_05_0209_1P.jpg'),
('768-0212', '0212', 'Thatched Roof', 'Crossweave', 768, 'C_05_0212_1P.jpg'),
('768-1438', '1438', 'Clamshell', 'Desert', 768, 'C_05_1438_1P.jpg'),
('768-1434', '1434', 'Natural', 'Desert', 768, 'C_05_1434_1P.jpg'),
('768-1432', '1432', 'Sandstone', 'Desert', 768, 'C_05_1432_1P.jpg'),
('768-1431', '1431', 'Shell', 'Desert', 768, 'C_05_1431_1P.jpg'),
('768-1436', '1436', 'Strata', 'Desert', 768, 'C_05_1436_1P.jpg'),
('768-1437', '1437', 'Sugarcane', 'Desert', 768, 'C_05_1437_1P.jpg'),
('768-5313', '5313', 'Bamboo', 'Geneva', 768, 'C_05_5313_1P.jpg'),
('768-5301', '5301', 'Frost White', 'Geneva', 768, 'C_05_5301_1P.jpg'),
('768-5314', '5314', 'Pearl Stone', 'Geneva', 768, 'C_05_5314_1P.jpg'),
('768-5309', '5309', 'Tapenade', 'Geneva', 768, 'C_05_5309_1P.jpg'),
('768-4105', '4105', 'Bark', 'Brighton', 768, 'C_05_4105_1P.jpg'),
('768-4103', '4103', 'Graham Cracker', 'Brighton', 768, 'C_05_4103_1P.jpg'),
('768-5605', '5605', 'Bark', 'Brighton Fire Retardant', 768, 'C_05_5605_1P.jpg'),
('768-5603', '5603', 'Graham Cracker', 'Brighton Fire Retardant', 768, 'C_05_5603_1P.jpg'),
('768-5304', '5304', 'Bay Horse', 'Geneva', 768, 'C_05_5304_1P.jpg'),
('768-5302', '5302', 'Mottled Sycamore', 'Geneva', 768, 'C_05_5302_1P.jpg'),
('768-5306', '5306', 'Regiment', 'Geneva', 768, 'C_05_5306_1P.jpg'),
('768-3102', '3102', 'Alabaster', 'Sheer Linen', 768, 'C_05_3102_1P.jpg'),
('768-3106', '3106', 'Cyclone', 'Sheer Linen', 768, 'C_05_3106_1P.jpg'),
('768-3107', '3107', 'Granola', 'Sheer Linen', 768, 'C_05_3107_1P.jpg'),
('768-3108', '3108', 'Martini', 'Sheer Linen', 768, 'C_05_3108_1P.jpg'),
('768-3101', '3101', 'White', 'Sheer Linen', 768, 'C_05_3101_1P.jpg'),

/* 124 */
('7881-2002', '2002', 'Bone', 'Allure', 7881, '05G2002.jpg'),
('7881-2004', '2004', 'Milk Chocolate', 'Allure', 7881, '05G2004.jpg'),
('7881-2417', '2417', 'Sahara', 'Allure', 7881, 'C_05_2417_1P.jpg'),
('7881-2007', '2007', 'Silver Lining', 'Allure', 7881, 'C_05_2007_1P.jpg'),
('7881-2460', '2460', 'Tibet', 'Allure', 7881, 'C_05_2460_1P.jpg'),
('7881-2001', '2001', 'White', 'Allure', 7881, '05G2001.jpg'),
('7881-4122', '4122', 'Bone', 'Brighton', 7881, 'C_05_4122_1P.jpg'),
('7881-4150', '4150', 'Platinum', 'Brighton', 7881, 'C_05_4150_1P.jpg'),
('7881-4102', '4102', 'Sugar Maple', 'Brighton', 7881, 'C_05_4102_1P.jpg'),
('7881-4182', '4182', 'Toast', 'Brighton', 7881, 'C_05_4182_1P.jpg'),
('7881-4101', '4101', 'Tundra', 'Brighton', 7881, 'C_05_4101_1P.jpg'),
('7881-4119', '4119', 'White ', 'Brighton', 7881, 'C_05_4119_1P.jpg'),
('7881-5622', '5622', 'Bone', 'Brighton Fire Retardant', 7881, 'C_05_5622_1P.jpg'),
('7881-5650', '5650', 'Platinum', 'Brighton Fire Retardant', 7881, 'C_05_5650_1P.jpg'),
('7881-5602', '5602', 'Sugar Maple', 'Brighton Fire Retardant', 7881, 'C_05_5602_1P.jpg'),
('7881-5682', '5682', 'Toast', 'Brighton Fire Retardant', 7881, 'C_05_5682_1P.jpg'),
('7881-5601', '5601', 'Tundra', 'Brighton Fire Retardant', 7881, 'C_05_5601_1P.jpg'),
('7881-5619', '5619', 'White', 'Brighton Fire Retardant', 7881, 'C_05_5619_1P.jpg'),
('7881-0203', '0203', 'Barley', 'Crossweave', 7881, 'C_05_0203_1P.jpg'),
('7881-0202', '0202', 'Brick', 'Crossweave', 7881, 'C_05_0202_1P.jpg'),
('7881-0208', '0208', 'Burnished Gold', 'Crossweave', 7881, 'C_05_0208_1P.jpg'),
('7881-0200', '0200', 'Natural', 'Crossweave', 7881, 'C_05_0200_1P.jpg'),
('7881-0209', '0209', 'Tahiti', 'Crossweave', 7881, 'C_05_0209_1P.jpg'),
('7881-0212', '0212', 'Thatched Roof', 'Crossweave', 7881, 'C_05_0212_1P.jpg'),
('7881-1438', '1438', 'Clamshell', 'Desert', 7881, 'C_05_1438_1P.jpg'),
('7881-1434', '1434', 'Natural', 'Desert', 7881, 'C_05_1434_1P.jpg'),
('7881-1432', '1432', 'Sandstone', 'Desert', 7881, 'C_05_1432_1P.jpg'),
('7881-1431', '1431', 'Shell', 'Desert', 7881, 'C_05_1431_1P.jpg'),
('7881-1436', '1436', 'Strata', 'Desert', 7881, 'C_05_1436_1P.jpg'),
('7881-1437', '1437', 'Sugarcane', 'Desert', 7881, 'C_05_1437_1P.jpg'),
('7881-5313', '5313', 'Bamboo', 'Geneva', 7881, 'C_05_5313_1P.jpg'),
('7881-5301', '5301', 'Frost White', 'Geneva', 7881, 'C_05_5301_1P.jpg'),
('7881-5314', '5314', 'Pearl Stone', 'Geneva', 7881, 'C_05_5314_1P.jpg'),
('7881-5309', '5309', 'Tapenade', 'Geneva', 7881, 'C_05_5309_1P.jpg'),
('7881-4951', '4951', 'Ravine', 'Magnolia', 7881, 'C_05_4951_1P.jpg'),
('7881-4952', '4952', 'Smoky Gardenia', 'Magnolia', 7881, 'C_05_4952_1P.jpg'),
('7881-4950', '4950', 'Snowdrop', 'Magnolia', 7881, 'C_05_4950_1P.jpg'),
('7881-0650', '0650', 'Gilded Age', 'Marquis', 7881, 'C_05_0650_1P.jpg'),
('7881-9700', '9700', 'Antique White', 'Mission', 7881, 'C_05_9700_1P.jpg'),
('7881-9710', '9710', 'Cappuccino', 'Mission', 7881, 'C_05_9710_1P.jpg'),
('7881-9704', '9704', 'Chamois', 'Mission', 7881, 'C_05_9704_1P.jpg'),
('7881-9703', '9703', 'Sesame', 'Mission', 7881, 'C_05_9703_1P.jpg'),
('7881-2251', '2251', 'Liquid Bronze', 'Prism', 7881, 'C_05_2251_1P.jpg'),
('7881-2250', '2250', 'Sequin', 'Prism', 7881, 'C_05_2250_1P.jpg'),
('7881-2252', '2252', 'Tinsel', 'Prism', 7881, 'C_05_2252_1P.jpg'),
('7881-4105', '4105', 'Bark', 'Brighton', 7881, 'C_05_4105_1P.jpg'),
('7881-4103', '4103', 'Graham Cracker', 'Brighton', 7881, 'C_05_4103_1P.jpg'),
('7881-5605', '5605', 'Bark', 'Brighton Fire Retardant', 7881, 'C_05_4105_1P.jpg'),
('7881-5603', '5603', 'Graham Cracker', 'Brighton Fire Retardant', 7881, 'C_05_5603_1P.jpg'),
('7881-5304', '5304', 'Bay Horse', 'Geneva', 7881, 'C_05_5304_1P.jpg'),
('7881-5302', '5302', 'Mottled Sycamore', 'Geneva', 7881, 'C_05_5302_1P.jpg'),
('7881-5306', '5306', 'Regiment', 'Geneva', 7881, 'C_05_5306_1P.jpg'),
('7881-0651', '0651', 'Bronze Age', 'Marquis', 7881, 'C_05_0651_1P.jpg'),
('7881-0652', '0652', 'Victorian Age', 'Marquis', 7881, 'C_05_0652_1P.jpg'),
('7881-9701', '9701', 'Fox', 'Mission', 7881, 'C_05_9701_1P.jpg'),
('7881-5702', '5702', 'Gorgeous Gray', 'Serendipity', 7881, 'C_05_5702_1P.jpg'),
('7881-5704', '5704', 'Grand Piano', 'Serendipity', 7881, 'C_05_5704_1P.jpg'),
('7881-5700', '5700', 'Heavenly', 'Serendipity', 7881, 'C_05_5700_1P.jpg'),
('7881-5703', '5703', 'Tufted Suede', 'Serendipity', 7881, 'C_05_5703_1P.jpg'),
('7881-5701', '5701', 'Vintage Cameo', 'Serendipity', 7881, 'C_05_5701_1P.jpg'),
('7881-3102', '3102', 'Alabaster', 'Sheer Linen', 7881, 'C_05_3102_1P.jpg'),
('7881-3106', '3106', 'Cyclone', 'Sheer Linen', 7881, 'C_05_3106_1P.jpg'),
('7881-3107', '3107', 'Granola', 'Sheer Linen', 7881, 'C_05_3107_1P.jpg'),
('7881-3108', '3108', 'Martini', 'Sheer Linen', 7881, 'C_05_3108_1P.jpg'),
('7881-3101', '3101', 'White', 'Sheer Linen', 7881, 'C_05_3101_1P.jpg'),
('7881-3700', '3700', 'Linen White', 'Visage', 7881, 'C_05_3700_1P.jpg'),
('7881-3711', '3711', 'Malton', 'Visage', 7881, 'C_05_3711_1P.jpg'),
('7881-3713', '3713', 'Otter', 'Visage', 7881, '05G3713_WLF.jpg'),
('7881-3712', '3712', 'Portabello', 'Visage', 7881, '05G3712_WLF.jpg'),

('7882-2950', '2950', 'Calla Lily', 'Cabana', 7882, 'C_05_2950_2P.jpg'),
('7882-2951', '2951', 'Log Cabin', 'Cabana', 7882, 'C_05_2951_2P.jpg'),
('7882-2952', '2952', 'Spur', 'Cabana', 7882, 'C_05_2952_2P.jpg'),
('7882-6703', '6703', 'Barley', 'Crossweave', 7882, 'C_05_0703_2P.jpg'),
('7882-6702', '6702', 'Brick', 'Crossweave', 7882, 'C_05_0702_2P.jpg'),
('7882-0708', '0708', 'Burnished Gold', 'Crossweave', 7882, 'C_05_0708_2P.jpg'),
('7882-0700', '0700', 'Natural', 'Crossweave', 7882, 'C_05_0700_2P.jpg'),
('7882-0709', '0709', 'Tahiti', 'Crossweave', 7882, 'C_05_0709_2P.jpg'),
('7882-0712', '0712', 'Thatched Roof', 'Crossweave', 7882, 'C_05_0712_2P.jpg'),
('7882-2038', '2038', 'Clamshell', 'Desert', 7882, 'C_05_2038_2P.jpg'),
('7882-2034', '2034', 'Natural', 'Desert', 7882, 'C_05_2034_2P.jpg'),
('7882-2032', '2032', 'Sandstone', 'Desert', 7882, 'C_05_2032_2P.jpg'),
('7882-2031', '2031', 'Shell', 'Desert', 7882, 'C_05_2031_2P.jpg'),
('7882-2036', '2036', 'Strata', 'Desert', 7882, 'C_05_2036_2P.jpg'),
('7882-2037', '2037', 'Sugarcane', 'Desert', 7882, 'C_05_2037_2P.jpg'),
('7882-4713', '4713', 'Bamboo', 'Geneva', 7882, 'C_05_4713_2P.jpg'),
('7882-4701', '4701', 'Frost White', 'Geneva', 7882, 'C_05_4701_2P.jpg'),
('7882-4714', '4714', 'Pearl Stone', 'Geneva', 7882, 'C_05_4714_2P.jpg'),
('7882-4709', '4709', 'Tapenade', 'Geneva', 7882, 'C_05_4709_2P.jpg'),
('7882-1004', '1004', 'Albuquerque', 'Grasscloth', 7882, 'C_05_1004_2P.jpg'),
('7882-1001', '1001', 'Boardwalk', 'Grasscloth', 7882, 'C_05_1001_2P.jpg'),
('7882-1003', '1003', 'Fence Post', 'Grasscloth', 7882, 'C_05_1003_2P.jpg'),
('7882-1000', '1000', 'Natural', 'Grasscloth', 7882, 'C_05_1000_2P.jpg'),
('7882-1002', '1002', 'Saddle', 'Grasscloth', 7882, 'C_05_1002_2P.jpg'),
('7882-1050', '1050', 'Safari', 'Grasscloth', 7882, 'C_05_1050_2P.jpg'),
('7882-1851', '1851', 'Ravine', 'Magnolia', 7882, 'C_05_1851_2P.jpg'),
('7882-1852', '1852', 'Smoky Gardenia', 'Magnolia', 7882, 'C_05_1852_2P.jpg'),
('7882-1850', '1850', 'Snowdrop', 'Magnolia', 7882, 'C_05_1850_2P.jpg'),
('7882-1650', '1650', 'Gilded Age', 'Marquis', 7882, 'C_05_1650_2P.jpg'),
('7882-2750', '2750', 'Bilbao', 'Orchestra', 7882, 'C_05_2750_2P.jpg'),
('7882-2751', '2751', 'Igloo', 'Orchestra', 7882, 'C_05_2751_2P.jpg'),
('7882-2752', '2752', 'Irish Moss', 'Orchestra', 7882, 'C_05_2752_2P.jpg'),
('7882-2753', '2753', 'Toasted Almond', 'Orchestra', 7882, 'C_05_2753_2P.jpg'),
('7882-2651', '2651', 'Liquid Bronze', 'Prism', 7882, 'C_05_2651_2P.jpg'),
('7882-2650', '2650', 'Sequin', 'Prism', 7882, 'C_05_2650_2P.jpg'),
('7882-2652', '2652', 'Tinsel', 'Prism', 7882, 'C_05_2652_2P.jpg'),
--('7882-4850', '4850', 'Cream Caramel', 'Tuvalu', 7882, 'C_05_4850_2P.jpg'),
--('7882-4851', '4851', 'Cream Silk', 'Tuvalu', 7882, 'C_05_4851_2P.jpg'),
--('7882-4852', '4852', 'French Silk', 'Tuvalu', 7882, 'C_05_4852_2P.jpg'),
('7882-4704', '4704', 'Bay Horse', 'Geneva', 7882, 'C_05_4704_2P.jpg'),
('7882-4702', '4702', 'Mottled Sycamore', 'Geneva', 7882, 'C_05_4702_2P.jpg'),
('7882-4706', '4706', 'Regiment', 'Geneva', 7882, 'C_05_4706_2P.jpg'),
('7882-1651', '1651', 'Bronze Age', 'Marquis', 7882, 'C_05_1651_2P.jpg'),
('7882-1652', '1652', 'Victorian Age', 'Marquis', 7882, 'C_05_1652_2P.jpg'),
('7882-2754', '2754', 'Indigo Ripple', 'Orchestra', 7882, 'C_05_2754_2P.jpg'),
('7882-4902', '4902', 'Gorgeous Gray', 'Serendipity', 7882, 'C_05_4902_2P.jpg'),
('7882-4904', '4904', 'Grand Piano', 'Serendipity', 7882, 'C_05_4904_2P.jpg'),
('7882-4900', '4900', 'Heavenly', 'Serendipity', 7882, 'C_05_4900_2P.jpg'),
('7882-4903', '4903', 'Tufted Suede', 'Serendipity', 7882, 'C_05_4903_2P.jpg'),
('7882-4901', '4901', 'Vintage Cameo', 'Serendipity', 7882, 'C_05_4901_2P.jpg'),
('7882-4802', '4802', 'Alabaster', 'Sheer Linen', 7882, 'C_05_4802_2P.jpg'),
('7882-4806', '4806', 'Cyclone', 'Sheer Linen', 7882, 'C_05_4806_2P.jpg'),
('7882-4807', '4807', 'Granola', 'Sheer Linen', 7882, 'C_05_4807_2P.jpg'),
('7882-4808', '4808', 'Martini', 'Sheer Linen', 7882, 'C_05_4808_2P.jpg'),
('7882-4801', '4801', 'White', 'Sheer Linen', 7882, 'C_05_4801_2P.jpg'),

/* 182 */
('1056-47504', '47504', 'Alfresco', 'Broadcast', 1056, 'S_14_47504.jpg'),
('1056-47507', '47507', 'Austere', 'Broadcast', 1056, 'S_14_47507.jpg'),
('1056-47503', '47503', 'Cashmere', 'Broadcast', 1056, 'S_14_47503.jpg'),
('1056-47501', '47501', 'Constellation', 'Broadcast', 1056, 'S_14_47501.jpg'),
('1056-47508', '47508', 'Continental', 'Broadcast', 1056, 'S_14_47508.jpg'),
('1056-47513', '47513', 'Genuine', 'Broadcast', 1056, 'S_14_47513.jpg'),
('1056-47514', '47514', 'Gourmet', 'Broadcast', 1056, 'S_14_47514.jpg'),
('1056-47505', '47505', 'Motif', 'Broadcast', 1056, 'S_14_47505.jpg'),
('1056-47515', '47515', 'Serenade', 'Broadcast', 1056, 'S_14_47515.jpg'),
('1056-47509', '47509', 'Simplicity', 'Broadcast', 1056, 'S_14_47509.jpg'),
('1056-47502', '47502', 'Sonnet', 'Broadcast', 1056, 'S_14_47502.jpg'),
('1056-47506', '47506', 'Taliesin', 'Broadcast', 1056, 'S_14_47506.jpg'),
('1056-48905', '48905', 'Beatnik', 'Epitome', 1056, 'S_14_48905.jpg'),
('1056-48901', '48901', 'Denali', 'Epitome', 1056, 'S_14_48901.jpg'),
('1056-48902', '48902', 'Statuesque', 'Epitome', 1056, 'S_14_48902.jpg'),
('1056-48903', '48903', 'Swift', 'Epitome', 1056, 'S_14_48903.jpg'),
('1056-48904', '48904', 'Urban', 'Epitome', 1056, 'S_14_48904.jpg'),
('1056-47610', '47610', 'Black Granite', 'Plexus 1%', 1056, 'S_14_47710.jpg'),
('1056-47604', '47604', 'Chalcedony', 'Plexus 1%', 1056, 'S_14_47704.jpg'),
('1056-47606', '47606', 'Landmark', 'Plexus 1%', 1056, 'S_14_47706.jpg'),
('1056-47613', '47613', 'Niche', 'Plexus 1%', 1056, 'S_14_47713.jpg'),
('1056-47609', '47609', 'Nutley Pier', 'Plexus 1%', 1056, 'S_14_47709.jpg'),
('1056-47608', '47608', 'Penumbra', 'Plexus 1%', 1056, 'S_14_47708.jpg'),
('1056-47603', '47603', 'Provisions', 'Plexus 1%', 1056, 'S_14_47703.jpg'),
('1056-47602', '47602', 'Renewal', 'Plexus 1%', 1056, 'S_14_47702.jpg'),
('1056-47601', '47601', 'Soapstone', 'Plexus 1%', 1056, 'S_14_47701.jpg'),
('1056-47605', '47605', 'Stately', 'Plexus 1%', 1056, 'S_14_47705.jpg'),
('1056-47612', '47612', 'Sublime Gray', 'Plexus 1%', 1056, 'S_14_47712.jpg'),
('1056-47611', '47611', 'Tranquility', 'Plexus 1%', 1056, 'S_14_47711.jpg'),
('1056-47607', '47607', 'Travertine', 'Plexus 1%', 1056, 'S_14_47707.jpg'),
('1056-47907', '47907', 'Café Doppio', 'Standard Weave 1%', 1056, 'S_14_48207.jpg'),
('1056-47901', '47901', 'Calcite', 'Standard Weave 1%', 1056, 'S_14_48201.jpg'),
('1056-47908', '47908', 'Chiseled', 'Standard Weave 1%', 1056, 'S_14_48208.jpg'),
('1056-47902', '47902', 'Daikon', 'Standard Weave 1%', 1056, 'S_14_48202.jpg'),
('1056-47903', '47903', 'Infallible', 'Standard Weave 1%', 1056, 'S_14_48203.jpg'),
('1056-47904', '47904', 'Once', 'Standard Weave 1%', 1056, 'S_14_48204.jpg'),
('1056-47906', '47906', 'Polished', 'Standard Weave 1%', 1056, 'S_14_48206.jpg'),
('1056-47905', '47905', 'Veranda', 'Standard Weave 1%', 1056, 'S_14_48205.jpg'),
('1056-47909', '47909', 'Authentic', 'Vanguard 1%', 1056, 'S_14_48209.jpg'),
('1056-47915', '47915', 'Chrome', 'Vanguard 1%', 1056, 'S_14_48215.jpg'),
('1056-47910', '47910', 'Cortina', 'Vanguard 1%', 1056, 'S_14_48210.jpg'),
('1056-47914', '47914', 'Dew', 'Vanguard 1%', 1056, 'S_14_48214.jpg'),
('1056-47912', '47912', 'Elusive', 'Vanguard 1%', 1056, 'S_14_48212.jpg'),
('1056-47911', '47911', 'Gentle Beige', 'Vanguard 1%', 1056, 'S_14_48211.jpg'),
('1056-47917', '47917', 'Homage', 'Vanguard 1%', 1056, 'S_14_48217.jpg'),
('1056-47913', '47913', 'Macedonia', 'Vanguard 1%', 1056, 'S_14_48213.jpg'),
('1056-47919', '47919', 'Obsidian', 'Vanguard 1%', 1056, 'S_14_48219.jpg'),
('1056-47918', '47918', 'Peloton', 'Vanguard 1%', 1056, 'S_14_48218.jpg'),
('1056-47916', '47916', 'Pendulum', 'Vanguard 1%', 1056, 'S_14_48216.jpg'),
('1056-46906', '46906', 'Backdrop', 'Venture', 1056, 'S_14_46906.jpg'),
('1056-46902', '46902', 'Capture', 'Venture', 1056, 'S_14_46902.jpg'),
('1056-46903', '46903', 'Future Days', 'Venture', 1056, 'S_14_46903.jpg'),
('1056-46901', '46901', 'Iconic', 'Venture', 1056, 'S_14_46901.jpg'),
('1056-46904', '46904', 'Minimal', 'Venture', 1056, 'S_14_46904.jpg'),
('1056-46905', '46905', 'Vibe', 'Venture', 1056, 'S_14_46905.jpg'),
('1056-48407', '48407', 'Café Doppio', 'Standard Weave 10%', 1056, 'S_14_48207.jpg'),
('1056-48401', '48401', 'Calcite', 'Standard Weave 10%', 1056, 'S_14_48201.jpg'),
('1056-48408', '48408', 'Chiseled', 'Standard Weave 10%', 1056, 'S_14_48208.jpg'),
('1056-48402', '48402', 'Daikon', 'Standard Weave 10%', 1056, 'S_14_48202.jpg'),
('1056-48403', '48403', 'Infallible', 'Standard Weave 10%', 1056, 'S_14_48203.jpg'),
('1056-48404', '48404', 'Once', 'Standard Weave 10%', 1056, 'S_14_48204.jpg'),
('1056-48406', '48406', 'Polished', 'Standard Weave 10%', 1056, 'S_14_48206.jpg'),
('1056-48405', '48405', 'Veranda', 'Standard Weave 10%', 1056, 'S_14_48205.jpg'),
('1056-40506', '40506', 'Linen', 'Cumulus', 1056, 'S_14_40506.jpg'),
('1056-40505', '40505', 'Melon', 'Cumulus', 1056, 'S_14_40505.jpg'),
('1056-40507', '40507', 'Rice', 'Cumulus', 1056, 'S_14_40507.jpg'),
('1056-40504', '40504', 'Wrought Iron', 'Cumulus', 1056, 'S_14_40504.jpg'),
('1056-47710', '47710', 'Black Granite', 'Plexus 3%', 1056, 'S_14_47710.jpg'),
('1056-47704', '47704', 'Chalcedony', 'Plexus 3%', 1056, 'S_14_47704.jpg'),
('1056-47706', '47706', 'Landmark', 'Plexus 3%', 1056, 'S_14_47706.jpg'),
('1056-47713', '47713', 'Niche', 'Plexus 3%', 1056, 'S_14_47713.jpg'),
('1056-47709', '47709', 'Nutley Pier', 'Plexus 3%', 1056, 'S_14_47709.jpg'),
('1056-47708', '47708', 'Penumbra', 'Plexus 3%', 1056, 'S_14_47708.jpg'),
('1056-47703', '47703', 'Provisions', 'Plexus 3%', 1056, 'S_14_47703.jpg'),
('1056-47702', '47702', 'Renewal', 'Plexus 3%', 1056, 'S_14_47702.jpg'),
('1056-47701', '47701', 'Soapstone', 'Plexus 3%', 1056, 'S_14_47701.jpg'),
('1056-47705', '47705', 'Stately', 'Plexus 3%', 1056, 'S_14_47705.jpg'),
('1056-47712', '47712', 'Sublime Gray', 'Plexus 3%', 1056, 'S_14_47712.jpg'),
('1056-47711', '47711', 'Tranquility', 'Plexus 3%', 1056, 'S_14_47711.jpg'),
('1056-47707', '47707', 'Travertine', 'Plexus 3%', 1056, 'S_14_47707.jpg'),
('1056-48601', '48601', 'Joyful', 'Resolve', 1056, 'S_14_48601.jpg'),
('1056-48602', '48602', 'Studio', 'Resolve', 1056, 'S_14_48602.jpg'),
('1056-48207', '48207', 'Café Doppio', 'Standard Weave 3%', 1056, 'S_14_48207.jpg'),
('1056-48201', '48201', 'Calcite', 'Standard Weave 3%', 1056, 'S_14_48201.jpg'),
('1056-48208', '48208', 'Chiseled', 'Standard Weave 3%', 1056, 'S_14_48208.jpg'),
('1056-48202', '48202', 'Daikon', 'Standard Weave 3%', 1056, 'S_14_48202.jpg'),
('1056-48203', '48203', 'Infallible', 'Standard Weave 3%', 1056, 'S_14_48203.jpg'),
('1056-48204', '48204', 'Once', 'Standard Weave 3%', 1056, 'S_14_48204.jpg'),
('1056-48206', '48206', 'Polished', 'Standard Weave 3%', 1056, 'S_14_48206.jpg'),
('1056-48205', '48205', 'Veranda', 'Standard Weave 3%', 1056, 'S_14_48205.jpg'),
('1056-48209', '48209', 'Authentic', 'Vanguard 3%', 1056, 'S_14_48209.jpg'),
('1056-48215', '48215', 'Chrome', 'Vanguard 3%', 1056, 'S_14_48215.jpg'),
('1056-48210', '48210', 'Cortina', 'Vanguard 3%', 1056, 'S_14_48210.jpg'),
('1056-48214', '48214', 'Dew', 'Vanguard 3%', 1056, 'S_14_48214.jpg'),
('1056-48212', '48212', 'Elusive', 'Vanguard 3%', 1056, 'S_14_48212.jpg'),
('1056-48211', '48211', 'Gentle Beige', 'Vanguard 3%', 1056, 'S_14_48211.jpg'),
('1056-48217', '48217', 'Homage', 'Vanguard 3%', 1056, 'S_14_48217.jpg'),
('1056-48213', '48213', 'Macedonia', 'Vanguard 3%', 1056, 'S_14_48213.jpg'),
('1056-48219', '48219', 'Obsidian', 'Vanguard 3%', 1056, 'S_14_48219.jpg'),
('1056-48218', '48218', 'Peloton', 'Vanguard 3%', 1056, 'S_14_48218.jpg'),
('1056-48216', '48216', 'Pendulum', 'Vanguard 3%', 1056, 'S_14_48216.jpg'),
('1056-49201', '49201', 'Feather', 'Chronicles', 1056, 'S_14_49201.jpg'),
('1056-49202', '49202', 'Skyline', 'Chronicles', 1056, 'S_14_49202.jpg'),
('1056-49203', '49203', 'Sumatra', 'Chronicles', 1056, 'S_14_49203.jpg'),
('1056-49204', '49204', 'Tuxedo', 'Chronicles', 1056, 'S_14_49204.jpg'),
('1056-49504', '49504', 'Atmosphere', 'Merit', 1056, 'S_14_49504.jpg'),
('1056-49506', '49506', 'Cavalier', 'Merit', 1056, 'S_14_49506.jpg'),
('1056-49501', '49501', 'Clarity', 'Merit', 1056, 'S_14_49501.jpg'),
('1056-49503', '49503', 'Emulation', 'Merit', 1056, 'S_14_49503.jpg'),
('1056-49505', '49505', 'Exquisite', 'Merit', 1056, 'S_14_49505.jpg'),
('1056-49502', '49502', 'Panoramic', 'Merit', 1056, 'S_14_49502.jpg'),
('1056-48702', '48702', 'Adventures', 'Reaction', 1056, 'S_14_48702.jpg'),
('1056-48704', '48704', 'Coveted', 'Reaction', 1056, 'S_14_48704.jpg'),
('1056-48703', '48703', 'Fate', 'Reaction', 1056, 'S_14_48703.jpg'),
('1056-48701', '48701', 'Release', 'Reaction', 1056, 'S_14_48701.jpg'),
('1056-48604', '48604', 'Chance', 'Complex', 1056, 'S_14_48604.jpg'),
('1056-48603', '48603', 'Couture', 'Complex', 1056, 'S_14_48603.jpg'),
('1056-48605', '48605', 'Oceans', 'Complex', 1056, 'S_14_48605.jpg'),
('1056-48606', '48606', 'Visage', 'Complex', 1056, 'S_14_48606.jpg'),
('1056-49304', '49304', 'Armor', 'Guildhall', 1056, 'S_14_49304.jpg'),
('1056-49302', '49302', 'Illusion', 'Guildhall', 1056, 'S_14_49302.jpg'),
('1056-49303', '49303', 'Montage', 'Guildhall', 1056, 'S_14_49303.jpg'),
('1056-49305', '49305', 'Mystery', 'Guildhall', 1056, 'S_14_49305.jpg'),
('1056-49301', '49301', 'Tenor', 'Guildhall', 1056, 'S_14_49301.jpg'),
('1056-47810', '47810', 'Black Granite', 'Plexus 5%', 1056, 'S_14_47710.jpg'),
('1056-47804', '47804', 'Chalcedony', 'Plexus 5%', 1056, 'S_14_47704.jpg'),
('1056-47806', '47806', 'Landmark', 'Plexus 5%', 1056, 'S_14_47706.jpg'),
('1056-47813', '47813', 'Niche', 'Plexus 5%', 1056, 'S_14_47713.jpg'),
('1056-47809', '47809', 'Nutley Pier', 'Plexus 5%', 1056, 'S_14_47709.jpg'),
('1056-47808', '47808', 'Penumbra', 'Plexus 5%', 1056, 'S_14_47708.jpg'),
('1056-47803', '47803', 'Provisions', 'Plexus 5%', 1056, 'S_14_47703.jpg'),
('1056-47802', '47802', 'Renewal', 'Plexus 5%', 1056, 'S_14_47702.jpg'),
('1056-47801', '47801', 'Soapstone', 'Plexus 5%', 1056, 'S_14_47701.jpg'),
('1056-47805', '47805', 'Stately', 'Plexus 5%', 1056, 'S_14_47705.jpg'),
('1056-47812', '47812', 'Sublime Gray', 'Plexus 5%', 1056, 'S_14_47712.jpg'),
('1056-47811', '47811', 'Tranquility', 'Plexus 5%', 1056, 'S_14_47711.jpg'),
('1056-47807', '47807', 'Travertine', 'Plexus 5%', 1056, 'S_14_47707.jpg'),
('1056-48307', '48307', 'Café Doppio', 'Standard Weave 5%', 1056, 'S_14_48207.jpg'),
('1056-48301', '48301', 'Calcite', 'Standard Weave 5%', 1056, 'S_14_48201.jpg'),
('1056-48308', '48308', 'Chiseled', 'Standard Weave 5%', 1056, 'S_14_48208.jpg'),
('1056-48302', '48302', 'Daikon', 'Standard Weave 5%', 1056, 'S_14_48202.jpg'),
('1056-48303', '48303', 'Infallible', 'Standard Weave 5%', 1056, 'S_14_48203.jpg'),
('1056-48304', '48304', 'Once', 'Standard Weave 5%', 1056, 'S_14_48204.jpg'),
('1056-48306', '48306', 'Polished', 'Standard Weave 5%', 1056, 'S_14_48206.jpg'),
('1056-48305', '48305', 'Veranda', 'Standard Weave 5%', 1056, 'S_14_48205.jpg'),
('1056-48309', '48309', 'Authentic', 'Vanguard 5%', 1056, 'S_14_48209.jpg'),
('1056-48315', '48315', 'Chrome', 'Vanguard 5%', 1056, 'S_14_48215.jpg'),
('1056-48310', '48310', 'Cortina', 'Vanguard 5%', 1056, 'S_14_48210.jpg'),
('1056-48314', '48314', 'Dew', 'Vanguard 5%', 1056, 'S_14_48214.jpg'),
('1056-48312', '48312', 'Elusive', 'Vanguard 5%', 1056, 'S_14_48212.jpg'),
('1056-48311', '48311', 'Gentle Beige', 'Vanguard 5%', 1056, 'S_14_48211.jpg'),
('1056-48317', '48317', 'Homage', 'Vanguard 5%', 1056, 'S_14_48217.jpg'),
('1056-48313', '48313', 'Macedonia', 'Vanguard 5%', 1056, 'S_14_48213.jpg'),
('1056-48319', '48319', 'Obsidian', 'Vanguard 5%', 1056, 'S_14_48219.jpg'),
('1056-48318', '48318', 'Peloton', 'Vanguard 5%', 1056, 'S_14_48218.jpg'),
('1056-48316', '48316', 'Pendulum', 'Vanguard 5%', 1056, 'S_14_48216.jpg'),
('1056-49402', '49402', 'Immediate', 'Kismet', 1056, 'S_14_49402.jpg'),
('1056-49404', '49404', 'Paris', 'Kismet', 1056, 'S_14_49404.jpg'),
('1056-49403', '49403', 'Porch', 'Kismet', 1056, 'S_14_49403.jpg'),
('1056-49401', '49401', 'Subdued', 'Kismet', 1056, 'S_14_49401.jpg'),
('1056-49405', '49405', 'Vivant', 'Kismet', 1056, 'S_14_49405.jpg'),
('1056-40442', '40442', 'Burro', 'Monticello', 1056, 'S_14_40442.jpg'),
('1056-40443', '40443', 'Dune', 'Monticello', 1056, 'S_14_40443.jpg'),
('1056-40441', '40441', 'Mist', 'Monticello', 1056, 'S_14_40441.jpg'),
('1056-40445', '40445', 'Rust', 'Monticello', 1056, 'S_14_40445.jpg'),
('1056-40444', '40444', 'Tikki', 'Monticello', 1056, 'S_14_40444.jpg'),
('1056-48501', '48501', 'Consummate', 'Exposition', 1056, 'S_14_48501.jpg'),
('1056-48502', '48502', 'Genesis', 'Exposition', 1056, 'S_14_48502.jpg'),
('1056-48504', '48504', 'Resonance', 'Exposition', 1056, 'S_14_48504.jpg'),
('1056-48503', '48503', 'Wishlist', 'Exposition', 1056, 'S_14_48503.jpg'),
('1056-49107', '49107', 'Archive', 'Paradigm', 1056, 'S_14_49107.jpg'),
('1056-49106', '49106', 'Declaration', 'Paradigm', 1056, 'S_14_49106.jpg'),
('1056-49103', '49103', 'Intrepid', 'Paradigm', 1056, 'S_14_49103.jpg'),
('1056-49101', '49101', 'Relic', 'Paradigm', 1056, 'S_14_49101.jpg'),
('1056-49105', '49105', 'Resolute', 'Paradigm', 1056, 'S_14_49105.jpg'),
('1056-49104', '49104', 'Revere', 'Paradigm', 1056, 'S_14_49104.jpg'),
('1056-49102', '49102', 'Treasure', 'Paradigm', 1056, 'S_14_49102.jpg'),
('1056-48802', '48802', 'Pacific', 'Prodigy', 1056, 'S_14_48802.jpg'),
('1056-48804', '48804', 'Parfrey', 'Prodigy', 1056, 'S_14_48804.jpg'),
('1056-48803', '48803', 'Southport', 'Prodigy', 1056, 'S_14_48803.jpg'),
('1056-48805', '48805', 'Tandem', 'Prodigy', 1056, 'S_14_48805.jpg'),
('1056-48801', '48801', 'Vintage', 'Prodigy', 1056, 'S_14_48801.jpg'),

/* 109 */
('1057-13703', '13703', 'Distinguished', 'Arboretum BO', 1057, 'S_14_13704.jpg'),
('1057-13702', '13702', 'Monarch', 'Arboretum BO', 1057, 'S_14_13702.jpg'),
('1057-13701', '13701', 'Serene', 'Arboretum BO', 1057, 'S_14_13701.jpg'),
('1057-13704', '13704', 'Sirius', 'Arboretum BO', 1057, 'S_14_13703.jpg'),
('1057-60001', '60001', 'Classic White', 'Essential', 1057, 'S_14_60001.jpg'),
('1057-60003', '60003', 'Ivory', 'Essential', 1057, 'S_14_60003.jpg'),
('1057-60005', '60005', 'Smokey', 'Essential', 1057, 'S_14_60005.jpg'),
('1057-60017', '60017', 'Stone', 'Essential', 1057, 'S_14_60017.jpg'),
('1057-60004', '60004', 'Taupe', 'Essential', 1057, 'S_14_60004.jpg'),
('1057-00106', '00106', 'Ebony', 'Opulent', 1057, 'S_14_00106.jpg'),
('1057-00101', '00101', 'Opal', 'Opulent', 1057, 'S_14_00101.jpg'),
('1057-00103', '00103', 'Pale Brown', 'Opulent', 1057, 'S_14_00103.jpg'),
('1057-00102', '00102', 'Parchment', 'Opulent', 1057, 'S_14_00102.jpg'),
('1057-00104', '00104', 'Twilight', 'Opulent', 1057, 'S_14_00104.jpg'),
('1057-00105', '00105', 'Zinc', 'Opulent', 1057, 'S_14_00105.jpg'),
('1057-13903', '13903', 'Nectar', 'Whitehall', 1057, 'S_14_13903.jpg'),
('1057-13905', '13905', 'Seattle Mist', 'Whitehall', 1057, 'S_14_13905.jpg'),
('1057-13901', '13901', 'Veranda', 'Whitehall', 1057, 'S_14_13901.jpg'),
('1057-13904', '13904', 'Westminster', 'Whitehall', 1057, 'S_14_13904.jpg'),
('1057-13902', '13902', 'Wolverine', 'Whitehall', 1057, 'S_14_13902.jpg'),
('1057-02703', '02703', 'Fog', 'Allure', 1057, 'S_14_02703.jpg'),
('1057-02706', '02706', 'Glimmer', 'Allure', 1057, 'S_14_02706.jpg'),
('1057-02705', '02705', 'Latte', 'Allure', 1057, 'S_14_02705.jpg'),
('1057-02702', '02702', 'Still Water', 'Allure', 1057, 'S_14_02702.jpg'),
('1057-02704', '02704', 'Titanium', 'Allure', 1057, 'S_14_02704.jpg'),
('1057-13604', '13604', 'Distinguished', 'Arboretum LF', 1057, 'S_14_13604.jpg'),
('1057-13602', '13602', 'Monarch', 'Arboretum LF', 1057, 'S_14_13602.jpg'),
('1057-13601', '13601', 'Serene', 'Arboretum LF', 1057, 'S_14_13601_V2.jpg'),
('1057-13603', '13603', 'Sirius', 'Arboretum LF', 1057, 'S_14_13603.jpg'),
('1057-14301', '14301', 'Haute', 'Banquet', 1057, 'S_14_14301.jpg'),
('1057-14302', '14302', 'Helix', 'Banquet', 1057, 'S_14_14302.jpg'),
('1057-14303', '14303', 'Vintage', 'Banquet', 1057, 'S_14_14303.jpg'),
('1057-11107', '11107', 'Clay', 'Cambridge LF', 1057, 'S_14_11107.jpg'),
('1057-11115', '11115', 'Cocoa Bean', 'Cambridge LF', 1057, 'S_14_11115.jpg'),
('1057-11114', '11114', 'Misty', 'Cambridge LF', 1057, 'S_14_11114.jpg'),
('1057-11102', '11102', 'Off White', 'Cambridge LF', 1057, 'S_14_11102.jpg'),
('1057-11101', '11101', 'White', 'Cambridge LF', 1057, 'S_14_11101.jpg'),
('1057-1233', '1233', 'Chateau', 'Capri', 1057, 'S_14_1233.jpg'),
('1057-1231', '1231', 'Lanai', 'Capri', 1057, 'S_14_1231.jpg'),
('1057-1234', '1234', 'Pewter', 'Capri', 1057, 'S_14_1234.jpg'),
('1057-13004', '13004', 'Brick', 'Crossweave', 1057, 'S_14_13004.jpg'),
('1057-13007', '13007', 'Cedar', 'Crossweave', 1057, 'S_14_13007.jpg'),
('1057-13003', '13003', 'Merlot', 'Crossweave', 1057, 'S_14_13003.jpg'),
('1057-13001', '13001', 'Natural', 'Crossweave', 1057, 'S_14_13001.jpg'),
('1057-13008', '13008', 'Quarry', 'Crossweave', 1057, 'S_14_13008.jpg'),
('1057-1251', '1251', 'Beryl', 'Crystalline', 1057, 'S_14_1251.jpg'),
('1057-1252', '1252', 'Selenite', 'Crystalline', 1057, 'S_14_1252.jpg'),
('1057-1254', '1254', 'Copper', 'Crystalline', 1057, 'S_14_1254.jpg'),
('1057-13502', '13502', 'Anchor', 'Empire', 1057, 'S_14_13502.jpg'),
('1057-13504', '13504', 'Boca', 'Empire', 1057, 'S_14_13504.jpg'),
('1057-13503', '13503', 'Column', 'Empire', 1057, 'S_14_13503.jpg'),
('1057-13505', '13505', 'Destination', 'Empire', 1057, 'S_14_13505.jpg'),
('1057-13501', '13501', 'Picket Fence', 'Empire', 1057, 'S_14_13501.jpg'),
('1057-02601', '02601', 'Cityscape', 'Harmony', 1057, 'S_14_02601.jpg'),
('1057-02603', '02603', 'Harvest', 'Harmony', 1057, 'S_14_02603.jpg'),
('1057-02606', '02606', 'Marina', 'Harmony', 1057, 'S_14_02606.jpg'),
('1057-02602', '02602', 'Pebble', 'Harmony', 1057, 'S_14_02602.jpg'),
('1057-02607', '02607', 'Shiplap', 'Harmony', 1057, 'S_14_02607.jpg'),
('1057-02605', '02605', 'Tassel', 'Harmony', 1057, 'S_14_02605.jpg'),
('1057-13803', '13803', 'Heirloom', 'Herald', 1057, 'S_14_13803.jpg'),
('1057-13801', '13801', 'Library', 'Herald', 1057, 'S_14_13801.jpg'),
('1057-13802', '13802', 'Monumental', 'Herald', 1057, 'S_14_13802.jpg'),
('1057-13804', '13804', 'Tsunami', 'Herald', 1057, 'S_14_13804.jpg'),
('1057-14202', '14202', 'Bridge', 'Palisades', 1057, 'S_14_14202.jpg'),
('1057-14201', '14201', 'Chapbook', 'Palisades', 1057, 'S_14_14201.jpg'),
('1057-14205', '14205', 'Eggplant', 'Palisades', 1057, 'S_14_14205.jpg'),
('1057-14203', '14203', 'Equine', 'Palisades', 1057, 'S_14_14203.jpg'),
('1057-14204', '14204', 'Lynx', 'Palisades', 1057, 'S_14_14204.jpg'),
('1057-00202', '00202', 'Candle', 'Prairie', 1057, 'S_14_00202.jpg'),
('1057-00201', '00201', 'Pure', 'Prairie', 1057, 'S_14_00201.jpg'),
('1057-00204', '00204', 'Woodgrain', 'Prairie', 1057, 'S_14_00204.jpg'),
('1057-01007', '01007', 'Khaki', 'Riverbend', 1057, 'S_14_01007.jpg'),
('1057-01009', '01009', 'Maduro', 'Riverbend', 1057, 'S_14_01009.jpg'),
('1057-01006', '01006', 'Natural', 'Riverbend', 1057, 'S_14_01006.jpg'),
('1057-01004', '01004', 'Rust', 'Riverbend', 1057, 'S_14_01004.jpg'),
('1057-01005', '01005', 'Steel', 'Riverbend', 1057, 'S_14_01005.jpg'),
('1057-28106', '28106', 'Beachwood', 'Rujin', 1057, 'S_14_28106.jpg'),
('1057-28103', '28103', 'Olive Gray', 'Rujin', 1057, 'S_14_28103.jpg'),
('1057-28105', '28105', 'Russet', 'Rujin', 1057, 'S_14_28105.jpg'),
('1057-28102', '28102', 'Toasted Almond', 'Rujin', 1057, 'S_14_28102.jpg'),
('1057-27206', '27206', 'Antique White', 'Sedona', 1057, 'S_14_27206.jpg'),
('1057-27205', '27205', 'Buff', 'Sedona', 1057, 'S_14_27205.jpg'),
('1057-27201', '27201', 'Granite', 'Sedona', 1057, 'S_14_27201.jpg'),
('1057-27204', '27204', 'Raven', 'Sedona', 1057, 'S_14_27204.jpg'),
('1057-13101', '13101', 'Chelsea', 'Sheffield', 1057, 'S_14_13101.jpg'),
('1057-13105', '13105', 'Eclipse', 'Sheffield', 1057, 'S_14_13105.jpg'),
('1057-13102', '13102', 'Henley', 'Sheffield', 1057, 'S_14_13102.jpg'),
('1057-13108', '13108', 'Manor', 'Sheffield', 1057, 'S_14_13108.jpg'),
('1057-13107', '13107', 'Meadow', 'Sheffield', 1057, 'S_14_13107.jpg'),
('1057-13104', '13104', 'Tuscon', 'Sheffield', 1057, 'S_14_13104.jpg'),
('1057-13106', '13106', 'Weathered', 'Sheffield', 1057, 'S_14_13106.jpg'),
('1057-13103', '13103', 'Windsor', 'Sheffield', 1057, 'S_14_13103.jpg'),
('1057-00804', '00804', 'Highland', 'Suburban II', 1057, 'S_14_00804.jpg'),
('1057-00802', '00802', 'Mystic', 'Suburban II', 1057, 'S_14_00802.jpg'),
('1057-00801', '00801', 'White', 'Suburban II', 1057, 'S_14_00801.jpg'),
('1057-14602', '14602', 'Invitation', 'Whitcomb', 1057, 'S_14_14602.jpg'),
('1057-14603', '14603', 'Juniper', 'Whitcomb', 1057, 'S_14_14603.jpg'),
('1057-14601', '14601', 'Paloverde', 'Whitcomb', 1057, 'S_14_14601.jpg'),
('1057-11209', '11209', 'Clay', 'Cambridge RD', 1057, 'S_14_11209.jpg'),
('1057-11215', '11215', 'Cocoa Bean', 'Cambridge RD', 1057, 'S_14_11215.jpg'),
('1057-11205', '11205', 'Inkwell', 'Cambridge RD', 1057, 'S_14_11205.jpg'),
('1057-11203', '11203', 'Ivory', 'Cambridge RD', 1057, 'S_14_11203.jpg'),
('1057-11214', '11214', 'Misty', 'Cambridge RD', 1057, 'S_14_11214.jpg'),
('1057-11202', '11202', 'Off White', 'Cambridge RD', 1057, 'S_14_11202.jpg'),
('1057-11201', '11201', 'White', 'Cambridge RD', 1057, 'S_14_11201.jpg'),
('1057-00301', '00301', 'Canvas', 'Elements', 1057, 'S_14_00301.jpg'),
('1057-00305', '00305', 'Dune', 'Elements', 1057, 'S_14_00305.jpg'),
('1057-1291', '1291', 'Enchant', 'Monaco', 1057, 'S_14_1291.jpg'),
('1057-1292', '1292', 'Synergy', 'Monaco', 1057, 'S_14_1292.jpg'),
('1057-11103', '11103', 'Ivory', 'Cambridge LF', 1057, 'S_14_11103.jpg'),
('1057-11105', '11105', 'Inkwell', 'Cambridge LF', 1057, 'S_14_11105.jpg'),
('1057-60015', '60015', 'Canyon', 'Essential', 1057, 'S_14_60015.jpg'),
('1057-60016', '60016', 'Beige', 'Essential', 1057, 'S_14_60016.jpg'),
('1057-60039', '60039', 'Black', 'Essential', 1057, 'S_14_60039.jpg'),

/* 7 */
('1226-7078', '7078', 'Buttermilk', 'Solids', 1226, 'S_15_078.jpg'),
('1226-7630', '7630', 'Coconut', 'Solids', 1226, 'S_15_630.jpg'),
('1226-7742', '7742', 'Marshmallow', 'Solids', 1226, 'S_15_742.jpg'),
('1226-7058', '7058', 'Milky Way', 'Solids', 1226, 'S_15_058.jpg'),
('1226-7774', '7774', 'Seattle Grey', 'Solids', 1226, 'S_15_174FW.jpg'),
('1226-7035', '7035', 'White', 'Solids', 1226, 'S_15_035.jpg'),
('1226-7299', '7299', 'Coconut Textured', 'Textured', 1226, 'S_15_299.jpg'),

/* 13 */
('1228-7465', '7465', 'Cognac', 'Woodgrain', 1228, 'S_15_465.jpg'),
('1228-7316', '7316', 'Dark Cherry', 'Woodgrain', 1228, 'S_15_316.jpg'),
('1228-7030', '7030', 'Golden Oak', 'Woodgrain', 1228, 'S_15_030.jpg'),
('1228-7013', '7013', 'Honey Maple', 'Woodgrain', 1228, 'S_15_013.jpg'),
('1228-7230', '7230', 'Misty Grey', 'Woodgrain', 1228, 'S_15_230.jpg'),
('1228-7738', '7738', 'Moonshine', 'Woodgrain', 1228, 'S_15_738.jpg'),
('1228-7706', '7706', 'Morel', 'Woodgrain', 1228, 'S_15_706.jpg'),
('1228-7007', '7007', 'Natural', 'Woodgrain', 1228, 'S_15_007.jpg'),
('1228-7707', '7707', 'Phantom', 'Woodgrain', 1228, 'S_15_707.jpg'),
('1228-7694', '7694', 'Saddle Brown', 'Woodgrain', 1228, 'S_15_694.jpg'),
('1228-7685', '7685', 'Sienna', 'Woodgrain', 1228, 'S_15_685.jpg'),
('1228-7012', '7012', 'Walnut', 'Woodgrain', 1228, 'S_15_012.jpg'),
('1228-7710', '7710', 'Wheat', 'Woodgrain', 1228, 'S_15_710.jpg'),

/* 11 */
('1229-5724', '5724', 'Almond', 'Solids', 1229, 'S_15_724.jpg'),
('1229-5078', '5078', 'Buttermilk', 'Solids', 1229, 'S_15_078.jpg'),
('1229-5630', '5630', 'Coconut', 'Solids', 1229, 'S_15_630.jpg'),
('1229-5742', '5742', 'Marshmallow', 'Solids', 1229, 'S_15_742.jpg'),
('1229-5058', '5058', 'Milky Way', 'Solids', 1229, 'S_15_058.jpg'),
('1229-5174', '5174', 'Seattle Grey', 'Solids', 1229, 'S_15_174FW.jpg'),
('1229-5035', '5035', 'White', 'Solids', 1229, 'S_15_035.jpg'),
('1229-5953', '5953', 'Buttermilk Textured', 'Textured', 1229, 'S_15_953.jpg'),
('1229-5299', '5299', 'Coconut Textured', 'Textured', 1229, 'S_15_299.jpg'),
('1229-5304', '5304', 'Milky Way Textured', 'Textured', 1229, 'S_15_304.jpg'),
('1229-5951', '5951', 'White Textured', 'Textured', 1229, 'S_15_951.jpg'),

/* 13 */
('1230-2465', '2465', 'Cognac', 'Woodgrain', 1230, 'S_15_465.jpg'),
('1230-2316', '2316', 'Dark Cherry', 'Woodgrain', 1230, 'S_15_316.jpg'),
('1230-2030', '2030', 'Golden Oak', 'Woodgrain', 1230, 'S_15_030.jpg'),
('1230-2013', '2013', 'Honey Maple', 'Woodgrain', 1230, 'S_15_013.jpg'),
('1230-2230', '2230', 'Misty Grey', 'Woodgrain', 1230, 'S_15_230.jpg'),
('1230-2738', '2738', 'Moonshine', 'Woodgrain', 1230, 'S_15_738.jpg'),
('1230-2706', '2706', 'Morel', 'Woodgrain', 1230, 'S_15_706.jpg'),
('1230-2007', '2007', 'Natural', 'Woodgrain', 1230, 'S_15_007.jpg'),
('1230-2707', '2707', 'Phantom', 'Woodgrain', 1230, 'S_15_707.jpg'),
('1230-2694', '2694', 'Saddle Brown', 'Woodgrain', 1230, 'S_15_694.jpg'),
('1230-2685', '2685', 'Sienna', 'Woodgrain', 1230, 'S_15_685.jpg'),
('1230-2012', '2012', 'Walnut', 'Woodgrain', 1230, 'S_15_012.jpg'),
('1230-2710', '2710', 'Wheat', 'Woodgrain', 1230, 'S_15_710.jpg'),

/* 5 */
('1231-2026', '2026', 'Antique White', 'Solids', 1231, 'S_15_026.jpg'),
('1231-2051', '2051', 'Base White', 'Solids', 1231, 'S_15_051.jpg'),
('1231-2729', '2729', 'Creamy White', 'Solids', 1231, 'S_15_729.jpg'),
('1231-2174', '2174', 'Seattle Grey', 'Solids', 1231, 'S_15_174C.jpg'),
('1231-2922', '2922', 'Silk White', 'Solids', 1231, 'S_15_922.jpg'),

/* 5 */
('1232-7026', '7026', 'Antique White', 'Solids', 1232, 'S_15_026.jpg'),
('1232-7051', '7051', 'Base White', 'Solids', 1232, 'S_15_051.jpg'),
('1232-7729', '7729', 'Creamy White', 'Solids', 1232, 'S_15_729.jpg'),
('1232-7174', '7174', 'Seattle Grey', 'Solids', 1232, 'S_15_174C.jpg'),
('1232-7922', '7922', 'Silk White', 'Solids', 1232, 'S_15_922.jpg'),

/* 14 */
('1233-0052', '0052', 'Angora', 'Painted', 1233, 'S_09_052.jpg'),
('1233-0026', '0026', 'Antique White', 'Painted', 1233, 'S_09_026.jpg'),
('1233-0051', '0051', 'Base White', 'Painted', 1233, 'S_09_051.jpg'),
('1233-0683', '0683', 'Dover White', 'Painted', 1233, 'S_09_683.jpg'),
('1233-0839', '0839', 'Dovetail', 'Painted', 1233, 'S_09_839.jpg'),
('1233-0603', '0603', 'Snowflake', 'Painted', 1233, 'S_09_603.jpg'),
('1233-0821', '0821', 'Allspice', 'Stained', 1233, 'S_09_821.jpg'),
('1233-0030', '0030', 'Golden Oak', 'Stained', 1233, 'S_09_030.jpg'),
('1233-0013', '0013', 'Honey Maple', 'Stained', 1233, 'S_09_013.jpg'),
('1233-0007', '0007', 'Natural', 'Stained', 1233, 'S_09_007.jpg'),
('1233-0849', '0849', 'Roasted Chestnut', 'Stained', 1233, 'S_09_849.jpg'),
('1233-0694', '0694', 'Saddle Brown', 'Stained', 1233, 'S_09_694.jpg'),
('1233-0012', '0012', 'Walnut', 'Stained', 1233, 'S_09_012.jpg'),
('1233-0710', '0710', 'Wheat', 'Stained', 1233, 'S_09_710.jpg'),

/* 41 */
('1235-1052', '1052', 'Angora', 'Painted', 1235, 'S_09_052.jpg'),
('1235-1026', '1026', 'Antique White', 'Painted', 1235, 'S_09_026.jpg'),
('1235-1051', '1051', 'Base White', 'Painted', 1235, 'S_09_051.jpg'),
('1235-1712', '1712', 'Crisp White', 'Painted', 1235, 'S_09_712.jpg'),
('1235-1683', '1683', 'Dover White', 'Painted', 1235, 'S_09_683.jpg'),
('1235-1839', '1839', 'Dovetail', 'Painted', 1235, 'S_09_839.jpg'),
('1235-1817', '1817', 'Grey Beige', 'Painted', 1235, 'S_09_817.jpg'),
('1235-1841', '1841', 'Medium Grey', 'Painted', 1235, 'S_09_841.jpg'),
('1235-1840', '1840', 'Pearl', 'Painted', 1235, 'S_09_840.jpg'),
('1235-1850', '1850', 'Snow White', 'Painted', 1235, 'S_09_850.jpg'),
('1235-1603', '1603', 'Snowflake', 'Painted', 1235, 'S_09_603.jpg'),
('1235-1889', '1889', 'Stepping Stone', 'Painted', 1235, 'S_09_889.jpg'),
('1235-1963', '1963', 'Stucco', 'Painted', 1235, 'S_09_963.jpg'),
('1235-SB841', 'SB841', 'Medium Grey Sandblast', 'Sandblast', 1235, 'S_09_SB841.jpg'),
('1235-SB603', 'SB603', 'Snowflake Sandblast', 'Sandblast', 1235, 'S_09_SB603.jpg'),
('1235-1821', '1821', 'Allspice', 'Stained', 1235, 'S_09_821.jpg'),
('1235-1546', '1546', 'Cappuccino', 'Stained', 1235, 'S_09_546.jpg'),
('1235-1014', '1014', 'Cherry Wood', 'Stained', 1235, 'S_09_014.jpg'),
('1235-1465', '1465', 'Cognac', 'Stained', 1235, 'S_09_465.jpg'),
('1235-1316', '1316', 'Dark Cherry', 'Stained', 1235, 'S_09_316.jpg'),
('1235-1641', '1641', 'Dark Walnut', 'Stained', 1235, 'S_09_641.jpg'),
('1235-1716', '1716', 'Espresso', 'Stained', 1235, 'S_09_716.jpg'),
('1235-1030', '1030', 'Golden Oak', 'Stained', 1235, 'S_09_030.jpg'),
('1235-1761', '1761', 'Harbor Grey', 'Stained', 1235, 'S_09_761.jpg'),
('1235-1949', '1949', 'Henna', 'Stained', 1235, 'S_09_949.jpg'),
('1235-1943', '1943', 'Homestead Oak', 'Stained', 1235, 'S_09_943.jpg'),
('1235-1013', '1013', 'Honey Maple', 'Stained', 1235, 'S_09_013.jpg'),
('1235-1515', '1515', 'Knotty Pine', 'Stained', 1235, 'S_09_515.jpg'),
('1235-1007', '1007', 'Natural', 'Stained', 1235, 'S_09_007.jpg'),
('1235-1849', '1849', 'Roasted Chestnut', 'Stained', 1235, 'S_09_849.jpg'),
('1235-1694', '1694', 'Saddle Brown', 'Stained', 1235, 'S_09_694.jpg'),
('1235-1685', '1685', 'Sienna', 'Stained', 1235, 'S_09_685.jpg'),
('1235-1847', '1847', 'Timeless Grey', 'Stained', 1235, 'S_09_847.jpg'),
('1235-1848', '1848', 'True Taupe', 'Stained', 1235, 'S_09_848.jpg'),
('1235-1054', '1054', 'Truffle', 'Stained', 1235, 'S_09_054.jpg'),
('1235-1012', '1012', 'Walnut', 'Stained', 1235, 'S_09_012.jpg'),
('1235-1710', '1710', 'Wheat', 'Stained', 1235, 'S_09_710.jpg'),
('1235-1572', '1572', 'Distressed Smoky Coal', 'Unique Finishes', 1235, 'S_09_572.jpg'),
('1235-1070', '1070', 'Distressed Twig', 'Unique Finishes', 1235, 'S_09_070.jpg'),
('1235-1049', '1049', 'Medium Pewter Barnwood', 'Unique Finishes', 1235, 'S_09_049.jpg'),
('1235-1072', '1072', 'Windswept Barnwood', 'Unique Finishes', 1235, 'S_09_072.jpg'),

/* 41 */
('1236-C007', 'C007', 'Cherry', 'Authentic American Hardwoods', 1236, 'S_09_C007.jpg'),
('1236-M007', 'M007', 'Maple', 'Authentic American Hardwoods', 1236, 'S_09_M007.jpg'),
('1236-W007', 'W007', 'Walnut', 'Authentic American Hardwoods', 1236, 'S_09_W007.jpg'),
('1236-1052', '1052', 'Angora', 'Painted', 1236, 'S_09_052.jpg'),
('1236-1026', '1026', 'Antique White', 'Painted', 1236, 'S_09_026.jpg'),
('1236-1051', '1051', 'Base White', 'Painted', 1236, 'S_09_051.jpg'),
('1236-1712', '1712', 'Crisp White', 'Painted', 1236, 'S_09_712.jpg'),
('1236-1683', '1683', 'Dover White', 'Painted', 1236, 'S_09_683.jpg'),
('1236-1839', '1839', 'Dovetail', 'Painted', 1236, 'S_09_839.jpg'),
('1236-1817', '1817', 'Grey Beige', 'Painted', 1236, 'S_09_817.jpg'),
('1236-1841', '1841', 'Medium Grey', 'Painted', 1236, 'S_09_841.jpg'),
('1236-1840', '1840', 'Pearl', 'Painted', 1236, 'S_09_840.jpg'),
('1236-1850', '1850', 'Snow White', 'Painted', 1236, 'S_09_850.jpg'),
('1236-1603', '1603', 'Snowflake', 'Painted', 1236, 'S_09_603.jpg'),
('1236-1889', '1889', 'Stepping Stone', 'Painted', 1236, 'S_09_889.jpg'),
('1236-1963', '1963', 'Stucco', 'Painted', 1236, 'S_09_963.jpg'),
('1236-R1465', 'R1465', 'Rustic Cognac', 'Rustic', 1236, 'S_09_R465.jpg'),
('1236-R1030', 'R1030', 'Rustic Golden Oak', 'Rustic', 1236, 'S_09_R030.jpg'),
('1236-R1761', 'R1761', 'Rustic Harbor Grey', 'Rustic', 1236, 'S_09_R761.jpg'),
('1236-1821', '1821', 'Allspice', 'Stained', 1236, 'S_09_821.jpg'),
('1236-1546', '1546', 'Cappuccino', 'Stained', 1236, 'S_09_546.jpg'),
('1236-1014', '1014', 'Cherry Wood', 'Stained', 1236, 'S_09_014.jpg'),
('1236-1465', '1465', 'Cognac', 'Stained', 1236, 'S_09_465.jpg'),
('1236-1316', '1316', 'Dark Cherry', 'Stained', 1236, 'S_09_316.jpg'),
('1236-1641', '1641', 'Dark Walnut', 'Stained', 1236, 'S_09_641.jpg'),
('1236-1716', '1716', 'Espresso', 'Stained', 1236, 'S_09_716.jpg'),
('1236-1030', '1030', 'Golden Oak', 'Stained', 1236, 'S_09_030.jpg'),
('1236-1761', '1761', 'Harbor Grey', 'Stained', 1236, 'S_09_761.jpg'),
('1236-1949', '1949', 'Henna', 'Stained', 1236, 'S_09_949.jpg'),
('1236-1943', '1943', 'Homestead Oak', 'Stained', 1236, 'S_09_943.jpg'),
('1236-1013', '1013', 'Honey Maple', 'Stained', 1236, 'S_09_013.jpg'),
('1236-1515', '1515', 'Knotty Pine', 'Stained', 1236, 'S_09_515.jpg'),
('1236-1007', '1007', 'Natural', 'Stained', 1236, 'S_09_007.jpg'),
('1236-1849', '1849', 'Roasted Chestnut', 'Stained', 1236, 'S_09_849.jpg'),
('1236-1694', '1694', 'Saddle Brown', 'Stained', 1236, 'S_09_694.jpg'),
('1236-1685', '1685', 'Sienna', 'Stained', 1236, 'S_09_685.jpg'),
('1236-1847', '1847', 'Timeless Grey', 'Stained', 1236, 'S_09_847.jpg'),
('1236-1848', '1848', 'True Taupe', 'Stained', 1236, 'S_09_848.jpg'),
('1236-1054', '1054', 'Truffle', 'Stained', 1236, 'S_09_054.jpg'),
('1236-1012', '1012', 'Walnut', 'Stained', 1236, 'S_09_012.jpg'),
('1236-1710', '1710', 'Wheat', 'Stained', 1236, 'S_09_710.jpg'),

/* 15 */
('1237-3026', '3026', 'Antique White', 'Painted', 1237, 'S_09_026.jpg'),
('1237-3051', '3051', 'Base White', 'Painted', 1237, 'S_09_051.jpg'),
('1237-3683', '3683', 'Dover White', 'Painted', 1237, 'S_09_683.jpg'),
('1237-3839', '3839', 'Dovetail', 'Painted', 1237, 'S_09_839.jpg'),
('1237-3841', '3841', 'Medium Grey', 'Painted', 1237, 'S_09_841.jpg'),
('1237-3603', '3603', 'Snowflake', 'Painted', 1237, 'S_09_603.jpg'),
('1237-3889', '3889', 'Stepping Stone', 'Painted', 1237, 'S_09_889.jpg'),
('1237-3030', '3030', 'Golden Oak', 'Stained', 1237, 'S_09_030.jpg'),
('1237-3013', '3013', 'Honey Maple', 'Stained', 1237, 'S_09_013.jpg'),
('1237-3007', '3007', 'Natural', 'Stained', 1237, 'S_09_007.jpg'),
('1237-3694', '3694', 'Saddle Brown', 'Stained', 1237, 'S_09_694.jpg'),
('1237-3847', '3847', 'Timeless Grey', 'Stained', 1237, 'S_09_847.jpg'),
('1237-3848', '3848', 'True Taupe', 'Stained', 1237, 'S_09_848.jpg'),
('1237-3012', '3012', 'Walnut', 'Stained', 1237, 'S_09_012.jpg'),
('1237-3710', '3710', 'Wheat', 'Stained', 1237, 'S_09_710.jpg'),

/* 15 */
('1238-3026', '3026', 'Antique White', 'Painted', 1238, 'S_09_026.jpg'),
('1238-3051', '3051', 'Base White', 'Painted', 1238, 'S_09_051.jpg'),
('1238-3683', '3683', 'Dover White', 'Painted', 1238, 'S_09_683.jpg'),
('1238-3839', '3839', 'Dovetail', 'Painted', 1238, 'S_09_839.jpg'),
('1238-3841', '3841', 'Medium Grey', 'Painted', 1238, 'S_09_841.jpg'),
('1238-3603', '3603', 'Snowflake', 'Painted', 1238, 'S_09_603.jpg'),
('1238-3889', '3889', 'Stepping Stone', 'Painted', 1238, 'S_09_889.jpg'),
('1238-3030', '3030', 'Golden Oak', 'Stained', 1238, 'S_09_030.jpg'),
('1238-3013', '3013', 'Honey Maple', 'Stained', 1238, 'S_09_013.jpg'),
('1238-3007', '3007', 'Natural', 'Stained', 1238, 'S_09_007.jpg'),
('1238-3694', '3694', 'Saddle Brown', 'Stained', 1238, 'S_09_694.jpg'),
('1238-3847', '3847', 'Timeless Grey', 'Stained', 1238, 'S_09_847.jpg'),
('1238-3848', '3848', 'True Taupe', 'Stained', 1238, 'S_09_848.jpg'),
('1238-3012', '3012', 'Walnut', 'Stained', 1238, 'S_09_012.jpg'),
('1238-3710', '3710', 'Wheat', 'Stained', 1238, 'S_09_710.jpg'),
('1238-3052', '3052', 'Angora', 'Painted', 1238, 'S_09_3052.jpg'),
('1238-3712', '3712', 'Crisp White', 'Painted', 1238, 'S_09_3712.jpg'),
('1238-3817', '3817', 'Grey Beige', 'Painted', 1238, 'S_09_3817.jpg'),
('1238-3840', '3840', 'Pearl', 'Painted', 1238, 'S_09_3840.jpg'),
('1238-3850', '3850', 'Snow White', 'Painted', 1238, 'S_09_3850.jpg'),
('1238-3963', '3963', 'Stucco', 'Painted', 1238, 'S_09_3963.jpg'),
('1238-3821', '3821', 'Allspice', 'Stained', 1238, 'S_09_3821.jpg'),
('1238-3546', '3546', 'Cappuccino', 'Stained', 1238, 'S_09_3546.jpg'),
('1238-3014', '3014', 'Cherry Wood', 'Stained', 1238, 'S_09_3014.jpg'),
('1238-3465', '3465', 'Cognac', 'Stained', 1238, 'S_09_3465.jpg'),
('1238-3316', '3316', 'Dark Cherry', 'Stained', 1238, 'S_09_3316.jpg'),
('1238-3641', '3641', 'Dark Walnut', 'Stained', 1238, 'S_09_3641.jpg'),
('1238-3716', '3716', 'Espresso', 'Stained', 1238, 'S_09_3716.jpg'),
('1238-3761', '3761', 'Harbor Grey', 'Stained', 1238, 'S_09_3761.jpg'),
('1238-3949', '3949', 'Henna', 'Stained', 1238, 'S_09_3949.jpg'),
('1238-3943', '3943', 'Homestead Oak', 'Stained', 1238, 'S_09_3943.jpg'),
('1238-3515', '3515', 'Knotty Pine', 'Stained', 1238, 'S_09_3515.jpg'),
('1238-3849', '3849', 'Roasted Chestnut', 'Stained', 1238, 'S_09_3849.jpg'),
('1238-3685', '3685', 'Sienna', 'Stained', 1238, 'S_09_3685.jpg'),
('1238-3054', '3054', 'Truffle', 'Stained', 1238, 'S_09_3054.jpg');
GO

INSERT INTO visualization.SwatchesOptionChoices (SwatchId, OptionChoiceId)
VALUES
/* 284 */
('7643-2714', 13),
('7643-2717', 13),
('7643-2719', 13),
('7643-2711', 13),
('7643-2718', 13),
('7643-2712', 13),
('7643-2701', 13),
('7643-2713', 13),
('7643-2716', 13),
('7643-2715', 13),
('7643-0804', 11),
('7643-0810', 11),
('7643-0834', 11),
('7643-0801', 11),
('7643-0802', 11),
('7643-2562', 11),
('7643-2509', 11),
('7643-2555', 11),
('7643-2503', 11),
('7643-2554', 11),
('7643-0778', 11),
('7643-0702', 11),
('7643-0703', 11),
('7643-0777', 11),
('7643-0704', 11),
('7643-0715', 11),
('7643-0713', 11),
('7643-0791', 11),
('7643-0701', 11),
('7643-0716', 11),
('7643-0710', 11),
('7643-0784', 11),
('7643-0787', 11),
('7643-0770', 11),
('7643-2319', 11),
('7643-2313', 11),
('7643-2320', 11),
('7643-2314', 11),
('7643-2301', 11),
('7643-2315', 11),
('7643-2318', 11),
('7643-2914', 11),
('7643-2901', 11),
('7643-2915', 11),
('7643-2918', 11),
('7643-4617', 11),
('7643-4601', 11),
('7643-4600', 11),
('7643-4613', 11),
('7643-4611', 11),
('7643-4602', 11),
('7643-4612', 11),
('7643-4610', 11),
('7643-2858', 11),
('7643-2851', 11),
('7643-2859', 11),
('7643-2852', 11),
('7643-2850', 11),
('7643-2854', 11),
('7643-2857', 11),
('7643-2523', 12),
('7643-2527', 12),
('7643-2541', 12),
('7643-2561', 12),
('7643-2538', 12),
('7643-0772', 12),
('7643-0773', 12),
('7643-0747', 12),
('7643-0793', 12),
('7643-0788', 12),
('7643-0771', 12),
('7643-0731', 12),
('7643-0776', 12),
('7643-0779', 12),
('7643-0744', 12),
('7643-0789', 12),
('7643-0792', 12),
('7643-0790', 12),
('7643-0794', 12),
('7643-2316', 12),
('7643-2321', 12),
('7643-2317', 12),
('7643-2916', 12),
('7643-2855', 12),
('7643-2860', 12),
('7643-2856', 12),
('7643-2152', 9),
('7643-2154', 9),
('7643-2150', 9),

('7641-3830', 13),
('7641-3815', 13),
('7641-3823', 13),
('7641-3800', 13),
('7641-3839', 13),
('7641-3846', 13),
('7641-3847', 13),
('7641-3848', 13),
('7641-3821', 13),
('7641-3829', 13),
('7641-3851', 13),
('7641-3814', 13),
('7641-3822', 13),
('7641-3812', 13),
('7641-3828', 13),
('7641-3831', 13),
('7641-3827', 13),
('7641-3824', 13),
('7641-3819', 13),
('7641-3820', 13),
('7641-3806', 13),
('7641-3850', 13),
('7641-3854', 13),
('7641-3704', 11),
('7641-3710', 11),
('7641-2434', 11),
('7641-2401', 11),
('7641-2402', 11),
('7641-2457', 11),
('7641-2462', 11),
('7641-2476', 11),
('7641-2409', 11),
('7641-2452', 11),
('7641-2444', 11),
('7641-2446', 11),
('7641-2455', 11),
('7641-2403', 11),
('7641-2463', 11),
('7641-2419', 11),
('7641-2464', 11),
('7641-2466', 11),
('7641-2454', 11),
('7641-2448', 11),
('7641-0978', 11),
('7641-0902', 11),
('7641-0903', 11),
('7641-0977', 11),
('7641-0904', 11),
('7641-0915', 11),
('7641-0913', 11),
('7641-0991', 11),
('7641-0901', 11),
('7641-0916', 11),
('7641-0910', 11),
('7641-0984', 11),
('7641-0987', 11),
('7641-0970', 11),
('7641-2052', 11),
('7641-2051', 11),
('7641-2055', 11),
('7641-2053', 11),
('7641-2054', 11),
('7641-3417', 11),
('7641-3401', 11),
('7641-3400', 11),
('7641-3413', 11),
('7641-3411', 11),
('7641-3402', 11),
('7641-3412', 11),
('7641-3410', 11),
('7641-2458', 12),
('7641-2443', 12),
('7641-2449', 12),
('7641-2467', 12),
('7641-2489', 12),
('7641-2491', 12),
('7641-2423', 12),
('7641-2427', 12),
('7641-2441', 12),
('7641-2433', 12),
('7641-2459', 12),
('7641-2461', 12),
('7641-2406', 12),
('7641-2438', 12),
('7641-0972', 12),
('7641-0973', 12),
('7641-0947', 12),
('7641-0993', 12),
('7641-0988', 12),
('7641-0971', 12),
('7641-0931', 12),
('7641-0976', 12),
('7641-0979', 12),
('7641-0944', 12),
('7641-0989', 12),
('7641-0992', 12),
('7641-0990', 12),
('7641-0994', 12),

('7642-0430', 13),
('7642-0415', 13),
('7642-0423', 13),
('7642-0400', 13),
('7642-0439', 13),
('7642-0446', 13),
('7642-0447', 13),
('7642-0448', 13),
('7642-0401', 13),
('7642-0429', 13),
('7642-0451', 13),
('7642-0414', 13),
('7642-0402', 13),
('7642-0412', 13),
('7642-0428', 13),
('7642-0431', 13),
('7642-0427', 13),
('7642-0404', 13),
('7642-0419', 13),
('7642-0420', 13),
('7642-0406', 13),
('7642-0450', 13),
('7642-0454', 13),
('7642-0481', 13),
('7642-0482', 13),
('7642-0480', 13),
('7642-0483', 13),
('7642-1714', 13),
('7642-1717', 13),
('7642-1719', 13),
('7642-1711', 13),
('7642-1718', 13),
('7642-1712', 13),
('7642-1701', 13),
('7642-1713', 13),
('7642-1716', 13),
('7642-1715', 13),
('7642-2605', 11),
('7642-2604', 11),
('7642-2600', 11),
('7642-2602', 11),
('7642-2601', 11),
('7642-2603', 11),
('7642-4204', 11),
('7642-4210', 11),
('7642-4234', 11),
('7642-4201', 11),
('7642-4202', 11),
('7642-0078', 11),
('7642-0002', 11),
('7642-0003', 11),
('7642-0077', 11),
('7642-0004', 11),
('7642-0015', 11),
('7642-0013', 11),
('7642-0091', 11),
('7642-0001', 11),
('7642-0016', 11),
('7642-0010', 11),
('7642-0084', 11),
('7642-0087', 11),
('7642-0070', 11),
('7642-5117', 11),
('7642-5101', 11),
('7642-5100', 11),
('7642-5113', 11),
('7642-5111', 11),
('7642-5102', 11),
('7642-5112', 11),
('7642-5110', 11),
('7642-0858', 11),
('7642-0851', 11),
('7642-0859', 11),
('7642-0852', 11),
('7642-0850', 11),
('7642-0854', 11),
('7642-0857', 11),
('7642-0072', 12),
('7642-0073', 12),
('7642-0047', 12),
('7642-0093', 12),
('7642-0088', 12),
('7642-0071', 12),
('7642-0031', 12),
('7642-0076', 12),
('7642-0079', 12),
('7642-0044', 12),
('7642-0089', 12),
('7642-0092', 12),
('7642-0090', 12),
('7642-0094', 12),
('7642-0855', 12),
('7642-0860', 12),
('7642-0856', 12),
('7642-0152', 9),
('7642-0154', 9),
('7642-0150', 9),

/* 43 */
('768-2002', 11),
('768-2004', 11),
('768-2417', 11),
('768-2007', 11),
('768-2460', 11),
('768-2001', 11),
('768-4122', 11),
('768-4150', 11),
('768-4102', 11),
('768-4182', 11),
('768-4101', 11),
('768-4119', 11),
('768-5622', 11),
('768-5650', 11),
('768-5602', 11),
('768-5682', 11),
('768-5601', 11),
('768-5619', 11),
('768-0208', 11),
('768-0209', 11),
('768-0212', 11),
('768-1438', 11),
('768-1434', 11),
('768-1432', 11),
('768-1431', 11),
('768-1436', 11),
('768-1437', 11),
('768-5313', 11),
('768-5301', 11),
('768-5314', 11),
('768-5309', 11),
('768-4105', 12),
('768-4103', 12),
('768-5605', 12),
('768-5603', 12),
('768-5304', 12),
('768-5302', 12),
('768-5306', 12),
('768-3102', 9),
('768-3106', 9),
('768-3107', 9),
('768-3108', 9),
('768-3101', 9),

/* 124 */
('7881-2002', 11),
('7881-2004', 11),
('7881-2417', 11),
('7881-2007', 11),
('7881-2460', 11),
('7881-2001', 11),
('7881-4122', 11),
('7881-4150', 11),
('7881-4102', 11),
('7881-4182', 11),
('7881-4101', 11),
('7881-4119', 11),
('7881-5622', 11),
('7881-5650', 11),
('7881-5602', 11),
('7881-5682', 11),
('7881-5601', 11),
('7881-5619', 11),
('7881-0203', 11),
('7881-0202', 11),
('7881-0208', 11),
('7881-0200', 11),
('7881-0209', 11),
('7881-0212', 11),
('7881-1438', 11),
('7881-1434', 11),
('7881-1432', 11),
('7881-1431', 11),
('7881-1436', 11),
('7881-1437', 11),
('7881-5313', 11),
('7881-5301', 11),
('7881-5314', 11),
('7881-5309', 11),
('7881-4951', 11),
('7881-4952', 11),
('7881-4950', 11),
('7881-0650', 11),
('7881-9700', 11),
('7881-9710', 11),
('7881-9704', 11),
('7881-9703', 11),
('7881-2251', 11),
('7881-2250', 11),
('7881-2252', 11),
('7881-4105', 12),
('7881-4103', 12),
('7881-5605', 12),
('7881-5603', 12),
('7881-5304', 12),
('7881-5302', 12),
('7881-5306', 12),
('7881-0651', 12),
('7881-0652', 12),
('7881-9701', 12),
('7881-5702', 9),
('7881-5704', 9),
('7881-5700', 9),
('7881-5703', 9),
('7881-5701', 9),
('7881-3102', 9),
('7881-3106', 9),
('7881-3107', 9),
('7881-3108', 9),
('7881-3101', 9),
('7881-3700', 9),
('7881-3711', 9),
('7881-3713', 9),
('7881-3712', 9),

('7882-2950', 11),
('7882-2951', 11),
('7882-2952', 11),
('7882-6703', 11),
('7882-6702', 11),
('7882-0708', 11),
('7882-0700', 11),
('7882-0709', 11),
('7882-0712', 11),
('7882-2038', 11),
('7882-2034', 11),
('7882-2032', 11),
('7882-2031', 11),
('7882-2036', 11),
('7882-2037', 11),
('7882-4713', 11),
('7882-4701', 11),
('7882-4714', 11),
('7882-4709', 11),
('7882-1004', 11),
('7882-1001', 11),
('7882-1003', 11),
('7882-1000', 11),
('7882-1002', 11),
('7882-1050', 11),
('7882-1851', 11),
('7882-1852', 11),
('7882-1850', 11),
('7882-1650', 11),
('7882-2750', 11),
('7882-2751', 11),
('7882-2752', 11),
('7882-2753', 11),
('7882-2651', 11),
('7882-2650', 11),
('7882-2652', 11),
--('7882-4850', 11),
--('7882-4851', 11),
--('7882-4852', 11),
('7882-4704', 12),
('7882-4702', 12),
('7882-4706', 12),
('7882-1651', 12),
('7882-1652', 12),
('7882-2754', 12),
('7882-4902', 9),
('7882-4904', 9),
('7882-4900', 9),
('7882-4903', 9),
('7882-4901', 9),
('7882-4802', 9),
('7882-4806', 9),
('7882-4807', 9),
('7882-4808', 9),
('7882-4801', 9),

/* 182 */
('1056-47504', 14),
('1056-47507', 14),
('1056-47503', 14),
('1056-47501', 14),
('1056-47508', 14),
('1056-47513', 14),
('1056-47514', 14),
('1056-47505', 14),
('1056-47515', 14),
('1056-47509', 14),
('1056-47502', 14),
('1056-47506', 14),
('1056-48905', 14),
('1056-48901', 14),
('1056-48902', 14),
('1056-48903', 14),
('1056-48904', 14),
('1056-47610', 14),
('1056-47604', 14),
('1056-47606', 14),
('1056-47613', 14),
('1056-47609', 14),
('1056-47608', 14),
('1056-47603', 14),
('1056-47602', 14),
('1056-47601', 14),
('1056-47605', 14),
('1056-47612', 14),
('1056-47611', 14),
('1056-47607', 14),
('1056-47907', 14),
('1056-47901', 14),
('1056-47908', 14),
('1056-47902', 14),
('1056-47903', 14),
('1056-47904', 14),
('1056-47906', 14),
('1056-47905', 14),
('1056-47909', 14),
('1056-47915', 14),
('1056-47910', 14),
('1056-47914', 14),
('1056-47912', 14),
('1056-47911', 14),
('1056-47917', 14),
('1056-47913', 14),
('1056-47919', 14),
('1056-47918', 14),
('1056-47916', 14),
('1056-46906', 14),
('1056-46902', 14),
('1056-46903', 14),
('1056-46901', 14),
('1056-46904', 14),
('1056-46905', 14),
('1056-48407', 21),
('1056-48401', 21),
('1056-48408', 21),
('1056-48402', 21),
('1056-48403', 21),
('1056-48404', 21),
('1056-48406', 21),
('1056-48405', 21),
('1056-40506', 22),
('1056-40505', 22),
('1056-40507', 22),
('1056-40504', 22),
('1056-47710', 15),
('1056-47704', 15),
('1056-47706', 15),
('1056-47713', 15),
('1056-47709', 15),
('1056-47708', 15),
('1056-47703', 15),
('1056-47702', 15),
('1056-47701', 15),
('1056-47705', 15),
('1056-47712', 15),
('1056-47711', 15),
('1056-47707', 15),
('1056-48601', 15),
('1056-48602', 15),
('1056-48207', 15),
('1056-48201', 15),
('1056-48208', 15),
('1056-48202', 15),
('1056-48203', 15),
('1056-48204', 15),
('1056-48206', 15),
('1056-48205', 15),
('1056-48209', 15),
('1056-48215', 15),
('1056-48210', 15),
('1056-48214', 15),
('1056-48212', 15),
('1056-48211', 15),
('1056-48217', 15),
('1056-48213', 15),
('1056-48219', 15),
('1056-48218', 15),
('1056-48216', 15),
('1056-49201', 16),
('1056-49202', 16),
('1056-49203', 16),
('1056-49204', 16),
('1056-49504', 16),
('1056-49506', 16),
('1056-49501', 16),
('1056-49503', 16),
('1056-49505', 16),
('1056-49502', 16),
('1056-48702', 16),
('1056-48704', 16),
('1056-48703', 16),
('1056-48701', 16),
('1056-48604', 17),
('1056-48603', 17),
('1056-48605', 17),
('1056-48606', 17),
('1056-49304', 17),
('1056-49302', 17),
('1056-49303', 17),
('1056-49305', 17),
('1056-49301', 17),
('1056-47810', 17),
('1056-47804', 17),
('1056-47806', 17),
('1056-47813', 17),
('1056-47809', 17),
('1056-47808', 17),
('1056-47803', 17),
('1056-47802', 17),
('1056-47801', 17),
('1056-47805', 17),
('1056-47812', 17),
('1056-47811', 17),
('1056-47807', 17),
('1056-48307', 17),
('1056-48301', 17),
('1056-48308', 17),
('1056-48302', 17),
('1056-48303', 17),
('1056-48304', 17),
('1056-48306', 17),
('1056-48305', 17),
('1056-48309', 17),
('1056-48315', 17),
('1056-48310', 17),
('1056-48314', 17),
('1056-48312', 17),
('1056-48311', 17),
('1056-48317', 17),
('1056-48313', 17),
('1056-48319', 17),
('1056-48318', 17),
('1056-48316', 17),
('1056-49402', 18),
('1056-49404', 18),
('1056-49403', 18),
('1056-49401', 18),
('1056-49405', 18),
('1056-40442', 19),
('1056-40443', 19),
('1056-40441', 19),
('1056-40445', 19),
('1056-40444', 19),
('1056-48501', 20),
('1056-48502', 20),
('1056-48504', 20),
('1056-48503', 20),
('1056-49107', 20),
('1056-49106', 20),
('1056-49103', 20),
('1056-49101', 20),
('1056-49105', 20),
('1056-49104', 20),
('1056-49102', 20),
('1056-48802', 20),
('1056-48804', 20),
('1056-48803', 20),
('1056-48805', 20),
('1056-48801', 20),

/* 109 */
('1057-13703', 13),
('1057-13702', 13),
('1057-13701', 13),
('1057-13704', 13),
('1057-60001', 13),
('1057-60003', 13),
('1057-60005', 13),
('1057-60017', 13),
('1057-60004', 13),
('1057-00106', 13),
('1057-00101', 13),
('1057-00103', 13),
('1057-00102', 13),
('1057-00104', 13),
('1057-00105', 13),
('1057-13903', 13),
('1057-13905', 13),
('1057-13901', 13),
('1057-13904', 13),
('1057-13902', 13),
('1057-02703', 11),
('1057-02706', 11),
('1057-02705', 11),
('1057-02702', 11),
('1057-02704', 11),
('1057-13604', 11),
('1057-13602', 11),
('1057-13601', 11),
('1057-13603', 11),
('1057-14301', 11),
('1057-14302', 11),
('1057-14303', 11),
('1057-11107', 11),
('1057-11115', 11),
('1057-11114', 11),
('1057-11102', 11),
('1057-11101', 11),
('1057-1233', 11),
('1057-1231', 11),
('1057-1234', 11),
('1057-13004', 11),
('1057-13007', 11),
('1057-13003', 11),
('1057-13001', 11),
('1057-13008', 11),
('1057-1251', 11),
('1057-1252', 11),
('1057-1254', 12),
('1057-13502', 11),
('1057-13504', 11),
('1057-13503', 11),
('1057-13505', 11),
('1057-13501', 11),
('1057-02601', 11),
('1057-02603', 11),
('1057-02606', 11),
('1057-02602', 11),
('1057-02607', 11),
('1057-02605', 11),
('1057-13803', 11),
('1057-13801', 11),
('1057-13802', 11),
('1057-13804', 11),
('1057-14202', 11),
('1057-14201', 11),
('1057-14205', 11),
('1057-14203', 11),
('1057-14204', 11),
('1057-00202', 11),
('1057-00201', 11),
('1057-00204', 11),
('1057-01007', 11),
('1057-01009', 11),
('1057-01006', 11),
('1057-01004', 11),
('1057-01005', 11),
('1057-28106', 11),
('1057-28103', 11),
('1057-28105', 11),
('1057-28102', 11),
('1057-27206', 11),
('1057-27205', 11),
('1057-27201', 11),
('1057-27204', 11),
('1057-13101', 11),
('1057-13105', 11),
('1057-13102', 11),
('1057-13108', 11),
('1057-13107', 11),
('1057-13104', 11),
('1057-13106', 11),
('1057-13103', 11),
('1057-00804', 11),
('1057-00802', 11),
('1057-00801', 11),
('1057-14602', 11),
('1057-14603', 11),
('1057-14601', 11),
('1057-11209', 12),
('1057-11215', 12),
('1057-11205', 12),
('1057-11203', 12),
('1057-11214', 12),
('1057-11202', 12),
('1057-11201', 12),
('1057-00301', 9),
('1057-00305', 9),
('1057-1291', 9),
('1057-1292', 9),
('1057-11103', 11),
('1057-11105', 11),
('1057-60015', 13),
('1057-60016', 13),
('1057-60039', 13),

/* 7 */
('1226-7078', 80),
('1226-7630', 80),
('1226-7742', 80),
('1226-7058', 80),
('1226-7774', 80),
('1226-7035', 80),
('1226-7299', 81),

/* 13 */
('1228-7465', 82),
('1228-7316', 82),
('1228-7030', 82),
('1228-7013', 82),
('1228-7230', 82),
('1228-7738', 82),
('1228-7706', 82),
('1228-7007', 82),
('1228-7707', 82),
('1228-7694', 82),
('1228-7685', 82),
('1228-7012', 82),
('1228-7710', 82),

/* 11 */
('1229-5724', 80),
('1229-5078', 80),
('1229-5630', 80),
('1229-5742', 80),
('1229-5058', 80),
('1229-5174', 80),
('1229-5035', 80),
('1229-5953', 81),
('1229-5299', 81),
('1229-5304', 81),
('1229-5951', 81),

/* 13 */
('1230-2465', 82),
('1230-2316', 82),
('1230-2030', 82),
('1230-2013', 82),
('1230-2230', 82),
('1230-2738', 82),
('1230-2706', 82),
('1230-2007', 82),
('1230-2707', 82),
('1230-2694', 82),
('1230-2685', 82),
('1230-2012', 82),
('1230-2710', 82),

/* 5 */
('1231-2026', 80),
('1231-2051', 80),
('1231-2729', 80),
('1231-2174', 80),
('1231-2922', 80),

/* 5 */
('1232-7026', 80),
('1232-7051', 80),
('1232-7729', 80),
('1232-7174', 80),
('1232-7922', 80),

/* 14 */
('1233-0052', 74),
('1233-0026', 74),
('1233-0051', 74),
('1233-0683', 74),
('1233-0839', 74),
('1233-0603', 74),
('1233-0821', 75),
('1233-0030', 75),
('1233-0013', 75),
('1233-0007', 75),
('1233-0849', 75),
('1233-0694', 75),
('1233-0012', 75),
('1233-0710', 75),

/* 41 */
('1235-1052', 74),
('1235-1026', 74),
('1235-1051', 74),
('1235-1712', 74),
('1235-1683', 74),
('1235-1839', 74),
('1235-1817', 74),
('1235-1841', 74),
('1235-1840', 74),
('1235-1850', 74),
('1235-1603', 74),
('1235-1889', 74),
('1235-1963', 74),
('1235-1821', 75),
('1235-1546', 75),
('1235-1014', 75),
('1235-1465', 75),
('1235-1316', 75),
('1235-1641', 75),
('1235-1716', 75),
('1235-1030', 75),
('1235-1761', 75),
('1235-1949', 75),
('1235-1943', 75),
('1235-1013', 75),
('1235-1515', 75),
('1235-1007', 75),
('1235-1849', 75),
('1235-1694', 75),
('1235-1685', 75),
('1235-1847', 75),
('1235-1848', 75),
('1235-1054', 75),
('1235-1012', 75),
('1235-1710', 75),
('1235-1572', 77),
('1235-1070', 77),
('1235-1049', 77),
('1235-1072', 77),
('1235-SB841', 76),
('1235-SB603', 76),

/* 41 */
('1236-1052', 74),
('1236-1026', 74),
('1236-1051', 74),
('1236-1712', 74),
('1236-1683', 74),
('1236-1839', 74),
('1236-1817', 74),
('1236-1841', 74),
('1236-1840', 74),
('1236-1850', 74),
('1236-1603', 74),
('1236-1889', 74),
('1236-1963', 74),
('1236-1821', 75),
('1236-1546', 75),
('1236-1014', 75),
('1236-1465', 75),
('1236-1316', 75),
('1236-1641', 75),
('1236-1716', 75),
('1236-1030', 75),
('1236-1761', 75),
('1236-1949', 75),
('1236-1943', 75),
('1236-1013', 75),
('1236-1515', 75),
('1236-1007', 75),
('1236-1849', 75),
('1236-1694', 75),
('1236-1685', 75),
('1236-1847', 75),
('1236-1848', 75),
('1236-1054', 75),
('1236-1012', 75),
('1236-1710', 75),
('1236-C007', 78),
('1236-M007', 78),
('1236-W007', 78),
('1236-R1465', 79),
('1236-R1030', 79),
('1236-R1761', 79),

/* 15 */
('1237-3026', 74),
('1237-3051', 74),
('1237-3683', 74),
('1237-3839', 74),
('1237-3841', 74),
('1237-3603', 74),
('1237-3889', 74),
('1237-3030', 75),
('1237-3013', 75),
('1237-3007', 75),
('1237-3694', 75),
('1237-3847', 75),
('1237-3848', 75),
('1237-3012', 75),
('1237-3710', 75),

/* 15 */
('1238-3026', 74),
('1238-3051', 74),
('1238-3683', 74),
('1238-3839', 74),
('1238-3841', 74),
('1238-3603', 74),
('1238-3889', 74),
('1238-3030', 75),
('1238-3013', 75),
('1238-3007', 75),
('1238-3694', 75),
('1238-3847', 75),
('1238-3848', 75),
('1238-3012', 75),
('1238-3710', 75),
('1238-3052', 74),
('1238-3712', 74),
('1238-3817', 74),
('1238-3840', 74),
('1238-3850', 74),
('1238-3963', 74),
('1238-3821', 75),
('1238-3546', 75),
('1238-3014', 75),
('1238-3465', 75),
('1238-3316', 75),
('1238-3641', 75),
('1238-3716', 75),
('1238-3761', 75),
('1238-3949', 75),
('1238-3943', 75),
('1238-3515', 75),
('1238-3849', 75),
('1238-3685', 75),
('1238-3054', 75);
GO

IF (
    SELECT COUNT(Id)
    FROM visualization.Brands
) = 2 AND (
    SELECT COUNT(Id)
    FROM visualization.ProductLines
) = 7 AND (
    SELECT COUNT(Id)
    FROM visualization.ProductStyles
) = 19 AND (
    SELECT COUNT(Id)
    FROM visualization.Options
) = 8 AND (
    SELECT COUNT(Id)
    FROM visualization.OptionChoices
) = 83 AND (
    SELECT COUNT(OptionChoiceId)
    FROM visualization.OptionChoicesProductStyles
) = 386 AND (
    SELECT COUNT(Id)
    FROM visualization.Swatches
) = 944 AND (
    SELECT COUNT(SwatchId)
    FROM visualization.SwatchesOptionChoices
) = 944
    BEGIN
		PRINT N'Verify new data.';

		SELECT *
		FROM visualization.Brands;

		SELECT *
		FROM visualization.ProductLines;

		SELECT *
		FROM visualization.ProductStyles;

		SELECT *
		FROM visualization.Options;

		SELECT *
		FROM visualization.OptionChoices;

		SELECT *
		FROM visualization.OptionChoicesProductStyles;

		SELECT *
		FROM visualization.Swatches;

		SELECT *
		FROM visualization.SwatchesOptionChoices;

		COMMIT TRANSACTION VizUpdate2019OriginalData;
        PRINT N'Transaction committed';
    END
ELSE
    BEGIN
        ROLLBACK TRANSACTION VizUpdate2019OriginalData;
        PRINT N'There were verification errors. Transaction NOT committed!';
    END
GO

